Unity Editor version:    6000.3.20f1 (c9ba695d4f07)
Branch:                  6000.3/staging
Build type:              Release
Batch mode:              YES
macOS version:           Version 26.5 (Build 25F71)
Darwin version:          25.5.0
Architecture:            arm64
Running under Rosetta:   NO
Available memory:        24576 MB
Date:                    2026-07-18T19:14:23Z
[Licensing::Module] Trying to connect to existing licensing client channel...
[Licensing::IpcConnector] Successfully connected to: "LicenseClient-saibhandar" at "2026-07-18T19:14:23.355765Z"

COMMAND LINE ARGUMENTS:
/Applications/Unity/Hub/Editor/6000.3.20f1/Unity.app/Contents/MacOS/Unity
-adb2
-batchMode
-noUpm
-name
AssetImportWorker1
-projectPath
/Users/saibhandar/Documents/GitHub/sidequest/SidequestV1
-logFile
Logs/AssetImportWorker1.log
-srvPort
55115
-parentPid
81575
-analyticsCloudUserId
anonymous
-analyticsCloudProjectId
8cec153a-0c35-495b-a5b4-896cd733474b
-analyticsLocalProjectId
6c0cb5ea01a9748d0a13addd91f35542
-licensingIpc
LicenseClient-saibhandar
-job-worker-count
4
-background-job-worker-count
8
-gc-helper-count
1
-name AssetImport
Successfully changed project path to: /Users/saibhandar/Documents/GitHub/sidequest/SidequestV1
/Users/saibhandar/Documents/GitHub/sidequest/SidequestV1
[UnityMemory] Configuration Parameters - Can be set up in boot.config
    "memorysetup-allocator-temp-initial-block-size-main=262144"
    "memorysetup-allocator-temp-initial-block-size-worker=262144"
    "memorysetup-temp-allocator-size-background-worker=32768"
    "memorysetup-temp-allocator-size-job-worker=262144"
    "memorysetup-temp-allocator-size-preload-manager=33554432"
    "memorysetup-temp-allocator-size-nav-mesh-worker=65536"
    "memorysetup-temp-allocator-size-audio-worker=65536"
    "memorysetup-temp-allocator-size-cloud-worker=32768"
    "memorysetup-bucket-allocator-granularity=16"
    "memorysetup-bucket-allocator-bucket-count=8"
    "memorysetup-bucket-allocator-block-size=33554432"
    "memorysetup-bucket-allocator-block-count=8"
    "memorysetup-main-allocator-block-size=16777216"
    "memorysetup-thread-allocator-block-size=16777216"
    "memorysetup-gfx-main-allocator-block-size=16777216"
    "memorysetup-gfx-thread-allocator-block-size=16777216"
    "memorysetup-cache-allocator-block-size=4194304"
    "memorysetup-typetree-allocator-block-size=2097152"
    "memorysetup-profiler-bucket-allocator-granularity=16"
    "memorysetup-profiler-bucket-allocator-bucket-count=8"
    "memorysetup-profiler-bucket-allocator-block-size=33554432"
    "memorysetup-profiler-bucket-allocator-block-count=8"
    "memorysetup-profiler-allocator-block-size=16777216"
    "memorysetup-profiler-editor-allocator-block-size=1048576"
    "memorysetup-temp-allocator-size-main=16777216"
    "memorysetup-job-temp-allocator-block-size=2097152"
    "memorysetup-job-temp-allocator-block-size-background=1048576"
    "memorysetup-job-temp-allocator-reduction-small-platforms=262144"
    "memorysetup-temp-allocator-size-gi-baking-worker=262144"
    "memorysetup-temp-allocator-size-gi-baking-worker=262144"
    "memorysetup-temp-allocator-size-gi-baking-worker=262144"
    "memorysetup-temp-allocator-size-gi-baking-worker=262144"
    "memorysetup-temp-allocator-size-gi-baking-worker=262144"
    "memorysetup-temp-allocator-size-gfx=262144"
Player connection [8406900352]  Target information:

Player connection [8406900352]  * "[IP] 10.2.9.144 [Port] 0 [Flags] 2 [Guid] 3486849007 [EditorId] 3486849007 [Version] 1048832 [Id] OSXEditor(0,Sais-MacBook-Air.local) [Debug] 1 [PackageName] OSXEditor [ProjectName] Editor" 

Player connection [8406900352] Host joined multi-casting on [225.0.0.222:54997]...
Player connection [8406900352] Host joined alternative multi-casting on [225.0.0.222:34997]...
JobSystem: Creating JobQueue using job-worker-count value 4
Input System module state changed to: Initialized.
[Physics::Module] Initialized fallback backend.
[Physics::Module] Id: 0xdecafbad
Library Redirect Path: Library/
[Physics::Module] Selected backend.
[Physics::Module] Name: PhysX
[Physics::Module] Id: 0xf2b8ea05
[Physics::Module] SDK Version: 4.1.2
[Physics::Module] Integration Version: 1.0.0
[Physics::Module] Threading Mode: Multi-Threaded
Refreshing native plugins compatible for Editor in 4.89 ms, found 3 plugins.
Preloading 0 native plugins for Editor in 0.00 ms.
Initialize engine version: 6000.3.20f1 (c9ba695d4f07)
[Subsystems] Discovering subsystems at path /Applications/Unity/Hub/Editor/6000.3.20f1/Unity.app/Contents/Resources/UnitySubsystems
[Subsystems] Discovering subsystems at path /Users/saibhandar/Documents/GitHub/sidequest/SidequestV1/Assets
GfxDevice: creating device client; kGfxThreadingModeNonThreaded
 preferred device: Apple M5 (high power)
Metal devices available: 1
0: Apple M5 (high power)
Using device Apple M5 (high power)
Initializing Metal device caps: Apple M5
Mac GPU Family: 2
Apple GPU Family: 9
MSL Version: 3.0
Has Float MSAA: 1
Has Float Filtering: 1
ReadWrite Texture Tier: 2
Initialize mono
Mono path[0] = '/Applications/Unity/Hub/Editor/6000.3.20f1/Unity.app/Contents/Resources/Scripting/Managed'
Mono path[1] = '/Applications/Unity/Hub/Editor/6000.3.20f1/Unity.app/Contents/Resources/Scripting/MonoBleedingEdge/lib/mono/unityjit-macos'
Mono config path = '/Applications/Unity/Hub/Editor/6000.3.20f1/Unity.app/Contents/Resources/Scripting/MonoBleedingEdge/etc'
Using monoOptions --debugger-agent=transport=dt_socket,embedding=1,server=y,suspend=n,address=127.0.0.1:56823
Begin MonoManager ReloadAssembly
Registering precompiled unity dll's ...
Register platform support module: /Applications/Unity/Hub/Editor/6000.3.20f1/Unity.app/Contents/PlaybackEngines/MacStandaloneSupport/UnityEditor.OSXStandalone.Extensions.dll
[Licensing::Module] Licensing is not yet initialized.
[Licensing::Client] Error: HandshakeResponse reported an error:
	ResponseCode: 505
	ResponseStatus: Unsupported protocol version '1.18.1'.
[Licensing::Module] Error: Failed to handshake to channel: "LicenseClient-saibhandar"
[Licensing::IpcConnector] LicenseClient-saibhandar channel disconnected successfully.
[Licensing::IpcConnector] Successfully connected to: "LicenseClient-saibhandar-6000.3.20" at "2026-07-18T19:14:23.8777Z"
[Licensing::Client] Handshaking with LicensingClient:
  Version:                 1.18.1+9fbee8e
  Session Id:              bd21fe0675274d0b8c9787f8d15b3cd8
  Correlation Id:          bfca7ef991d9cbd4c81bd0d5af7245ee
  External correlation Id: 5040029606141610761
  Machine Id:              fHXcFYaETn7ypLPRNv7mcrlCilw=
[Licensing::Module] Successfully connected to LicensingClient on channel: "LicenseClient-saibhandar-6000.3.20" (connect: 0.00s, validation: 0.00s, handshake: 0.30s)
[Licensing::IpcConnector] Successfully connected to: "LicenseClient-saibhandar-6000.3.20-notifications" at "2026-07-18T19:14:24.182963Z"
[Licensing::Module] Licensing Background thread has ended after 0.83s
[Licensing::Module] Licensing is initialized (took 0.36s).
[Licensing::Client] Successfully resolved entitlement details
[Licensing::Module] License group:
  Id: 2474294401082-UnityPersXXXX
  Product: Unity Personal
  Type: Assigned
  Expiration: Unlimited
Register platform support module: /Applications/Unity/Hub/Editor/6000.3.20f1/PlaybackEngines/iOSSupport/UnityEditor.iOS.Extensions.dll
Registered in 0.363049 seconds.
- Loaded All Assemblies, in  0.571 seconds
[usbmuxd] Start listen thread
[usbmuxd] Listen thread started
[usbmuxd] Send listen message
Native extension for iOS target not found
Native extension for OSXStandalone target not found
Package Manager log level set to [2]
[Package Manager] Failed to launch server process. Reason: Unity was launched with the -noUpm command-line argument
[Package Manager] Unable to send message (not connected to server process).
[Package Manager] Cannot connect to Unity Package Manager local server
ScheduleIndexationOnStartup MainProcess:False IndexOnStartup:True
Mono: successfully reloaded assembly
- Finished resetting the current domain, in  0.220 seconds
Domain Reload Profiling: 791ms
	BeginReloadAssembly (80ms)
		ExecutionOrderSort (0ms)
		DisableScriptedObjects (0ms)
		BackupInstance (0ms)
		ReleaseScriptingObjects (0ms)
		CreateAndSetChildDomain (0ms)
	RebuildCommonClasses (19ms)
	RebuildNativeTypeToScriptingClass (7ms)
	initialDomainReloadingComplete (383ms)
	LoadAllAssembliesAndSetupDomain (83ms)
		LoadAssemblies (79ms)
		RebuildTransferFunctionScriptingTraits (0ms)
		AnalyzeDomain (81ms)
			TypeCache.Refresh (80ms)
				TypeCache.ScanAssembly (72ms)
			BuildScriptInfoCaches (0ms)
			ResolveRequiredComponents (0ms)
	FinalizeReload (220ms)
		ReleaseScriptCaches (0ms)
		RebuildScriptCaches (0ms)
		SetupLoadedEditorAssemblies (194ms)
			LogAssemblyErrors (0ms)
			InitializePlatformSupportModulesInManaged (42ms)
			SetLoadedEditorAssemblies (2ms)
			BeforeProcessingInitializeOnLoad (39ms)
			ProcessInitializeOnLoadAttributes (58ms)
			ProcessInitializeOnLoadMethodAttributes (52ms)
			AfterProcessingInitializeOnLoad (0ms)
			EditorAssembliesLoaded (0ms)
		ExecutionOrderSort2 (0ms)
		AwakeInstancesAfterBackupRestoration (0ms)
[Licensing::Client] Successfully resolved entitlement details
[CoreBusinessMetrics] Unexpected thread when updating session info.
Curl error 3: URL rejected: Error
========================================================================
Worker process is ready to serve import requests
Import Worker Mode flag is 0x00
Begin MonoManager ReloadAssembly
Symbol file LoadedFromMemory is not a mono symbol file
- Loaded All Assemblies, in  0.440 seconds
Refreshing native plugins compatible for Editor in 0.54 ms, found 3 plugins.
Native extension for iOS target not found
Native extension for OSXStandalone target not found
[Package Manager] Failed to launch server process. Reason: Unity was launched with the -noUpm command-line argument
[Package Manager] Unable to send message (not connected to server process).
[Package Manager] Cannot connect to Unity Package Manager local server
Refreshing native plugins compatible for Editor in 0.43 ms, found 3 plugins.
[Package Manager] Failed to launch server process. Reason: Unity was launched with the -noUpm command-line argument
[Package Manager] Unable to send message (not connected to server process).
[Package Manager] Cannot connect to Unity Package Manager local server
ScheduleIndexationOnStartup MainProcess:False IndexOnStartup:True
Mono: successfully reloaded assembly
- Finished resetting the current domain, in  0.405 seconds
Domain Reload Profiling: 845ms
	BeginReloadAssembly (63ms)
		ExecutionOrderSort (0ms)
		DisableScriptedObjects (2ms)
		BackupInstance (0ms)
		ReleaseScriptingObjects (0ms)
		CreateAndSetChildDomain (10ms)
	RebuildCommonClasses (17ms)
	RebuildNativeTypeToScriptingClass (6ms)
	initialDomainReloadingComplete (15ms)
	LoadAllAssembliesAndSetupDomain (339ms)
		LoadAssemblies (228ms)
		RebuildTransferFunctionScriptingTraits (0ms)
		AnalyzeDomain (143ms)
			TypeCache.Refresh (104ms)
				TypeCache.ScanAssembly (91ms)
			BuildScriptInfoCaches (33ms)
			ResolveRequiredComponents (5ms)
	FinalizeReload (406ms)
		ReleaseScriptCaches (0ms)
		RebuildScriptCaches (0ms)
		SetupLoadedEditorAssemblies (341ms)
			LogAssemblyErrors (0ms)
			InitializePlatformSupportModulesInManaged (6ms)
			SetLoadedEditorAssemblies (2ms)
			BeforeProcessingInitializeOnLoad (80ms)
			ProcessInitializeOnLoadAttributes (190ms)
			ProcessInitializeOnLoadMethodAttributes (62ms)
			AfterProcessingInitializeOnLoad (1ms)
			EditorAssembliesLoaded (0ms)
		ExecutionOrderSort2 (0ms)
		AwakeInstancesAfterBackupRestoration (1ms)
WARNING: Shader Unsupported: 'Universal Render Pipeline/VR/SpatialMapping/Wireframe' - All subshaders removed
WARNING: Shader Did you use #pragma only_renderers and omit this platform?
WARNING: Shader If subshaders removal was intentional, you may have forgotten turning Fallback off?
WARNING: Shader Unsupported: 'Universal Render Pipeline/VR/SpatialMapping/Wireframe' - All subshaders removed
WARNING: Shader Did you use #pragma only_renderers and omit this platform?
WARNING: Shader If subshaders removal was intentional, you may have forgotten turning Fallback off?
Launching external process: /Applications/Unity/Hub/Editor/6000.3.20f1/Unity.app/Contents/Helpers/UnityShaderCompiler
Launched and connected shader compiler UnityShaderCompiler after 0.02 seconds
Refreshing native plugins compatible for Editor in 0.62 ms, found 3 plugins.
Preloading 0 native plugins for Editor in 0.00 ms.
Curl error 3: URL rejected: Error
Unloading 31 Unused Serialized files (Serialized files now loaded: 0)
Unloading 7527 unused Assets / (5.2 MB). Loaded Objects now: 8320.
Memory consumption went from 172.7 MB to 167.5 MB.
Total: 5.956041 ms (FindLiveObjects: 0.555667 ms CreateObjectMapping: 0.216375 ms MarkObjects: 3.637875 ms  DeleteObjects: 1.545958 ms)

========================================================================
Received Import Request.
  Time since last request: 74281.958961 seconds.
  path: Packages/com.coplaydev.unity-mcp/Editor/Helpers/ProjectIdentityUtility.cs
  artifactKey: Guid(936e878ce1275453bae5e0cf03bd9d30) Importer(2089858483,b0f066a214c2f5e87bad3c948f4d605d)
Start importing Packages/com.coplaydev.unity-mcp/Editor/Helpers/ProjectIdentityUtility.cs using Guid(936e878ce1275453bae5e0cf03bd9d30) Importer(2089858483,b0f066a214c2f5e87bad3c948f4d605d) (ScriptedImporter) -> (artifact id: '19cd5e5ffa8c167a3c64ff2498ee9237') in 0.025553375 seconds
Number of updated asset objects reloaded before import = 0Number of asset objects unloaded after import = 0

========================================================================
Received Import Request.
  Time since last request: 0.000053 seconds.
  path: Packages/com.coplaydev.unity-mcp/Editor/Constants/EditorPrefKeys.cs
  artifactKey: Guid(7317786cfb9304b0db20ca73a774b9fa) Importer(2089858483,b0f066a214c2f5e87bad3c948f4d605d)
Start importing Packages/com.coplaydev.unity-mcp/Editor/Constants/EditorPrefKeys.cs using Guid(7317786cfb9304b0db20ca73a774b9fa) Importer(2089858483,b0f066a214c2f5e87bad3c948f4d605d) (ScriptedImporter) -> (artifact id: '19983d3f032fa7170bceb954771d605d') in 0.001839833 seconds
Number of updated asset objects reloaded before import = 0Number of asset objects unloaded after import = 0

========================================================================
Received Import Request.
  Time since last request: 0.000035 seconds.
  path: Packages/com.coplaydev.unity-mcp/Editor/Helpers/AssetPathUtility.cs
  artifactKey: Guid(1d42f5b5ea5d4d43ad1a771e14bda2a0) Importer(2089858483,b0f066a214c2f5e87bad3c948f4d605d)
Start importing Packages/com.coplaydev.unity-mcp/Editor/Helpers/AssetPathUtility.cs using Guid(1d42f5b5ea5d4d43ad1a771e14bda2a0) Importer(2089858483,b0f066a214c2f5e87bad3c948f4d605d) (ScriptedImporter) -> (artifact id: '1fa325622b9ba493789574f2c0243e04') in 0.000999 seconds
Number of updated asset objects reloaded before import = 0Number of asset objects unloaded after import = 0

========================================================================
Received Import Request.
  Time since last request: 0.000031 seconds.
  path: Assets/Scripts/VehicleRunner.Runtime.asmdef
  artifactKey: Guid(326bd69127ffd41ddb84ccab521e82f2) Importer(2089858483,b0f066a214c2f5e87bad3c948f4d605d)
Start importing Assets/Scripts/VehicleRunner.Runtime.asmdef using Guid(326bd69127ffd41ddb84ccab521e82f2) Importer(2089858483,b0f066a214c2f5e87bad3c948f4d605d) (ScriptedImporter) -> (artifact id: 'b3e63b8a00eb91e95419333c329bc7f2') in 0.001831208 seconds
Number of updated asset objects reloaded before import = 0Number of asset objects unloaded after import = 1

========================================================================
Received Import Request.
  Time since last request: 0.000035 seconds.
  path: Assets/TextMesh Pro/Resources/Fonts & Materials/LiberationSans SDF - Drop Shadow.mat
  artifactKey: Guid(e73a58f6e2794ae7b1b7e50b7fb811b0) Importer(2089858483,b0f066a214c2f5e87bad3c948f4d605d)
Start importing Assets/TextMesh Pro/Resources/Fonts & Materials/LiberationSans SDF - Drop Shadow.mat using Guid(e73a58f6e2794ae7b1b7e50b7fb811b0) Importer(2089858483,b0f066a214c2f5e87bad3c948f4d605d) (ScriptedImporter) -> (artifact id: '218f277ddd145986595ada71015efc16') in 0.012659417 seconds
Number of updated asset objects reloaded before import = 0Number of asset objects unloaded after import = 3

========================================================================
Received Import Request.
  Time since last request: 0.000034 seconds.
  path: Packages/com.coplaydev.unity-mcp/Editor/Helpers/HttpEndpointUtility.cs
  artifactKey: Guid(2051d90316ea345c09240c80c7138e3b) Importer(2089858483,b0f066a214c2f5e87bad3c948f4d605d)
Start importing Packages/com.coplaydev.unity-mcp/Editor/Helpers/HttpEndpointUtility.cs using Guid(2051d90316ea345c09240c80c7138e3b) Importer(2089858483,b0f066a214c2f5e87bad3c948f4d605d) (ScriptedImporter) -> (artifact id: '83d14b458ddd893e96e5042828852910') in 0.001058792 seconds
Number of updated asset objects reloaded before import = 0Number of asset objects unloaded after import = 0

========================================================================
Received Import Request.
  Time since last request: 0.000038 seconds.
  path: Packages/com.coplaydev.unity-mcp/Editor/AssemblyInfo.cs
  artifactKey: Guid(be61633e00d934610ac1ff8192ffbe3d) Importer(2089858483,b0f066a214c2f5e87bad3c948f4d605d)
Start importing Packages/com.coplaydev.unity-mcp/Editor/AssemblyInfo.cs using Guid(be61633e00d934610ac1ff8192ffbe3d) Importer(2089858483,b0f066a214c2f5e87bad3c948f4d605d) (ScriptedImporter) -> (artifact id: 'aa9dca4485fe09bd8a8584752ab40c3f') in 0.001207167 seconds
Number of updated asset objects reloaded before import = 0Number of asset objects unloaded after import = 0

========================================================================
Received Import Request.
  Time since last request: 0.000029 seconds.
  path: Assets/TextMesh Pro/Shaders/SDFFunctions.hlsl
  artifactKey: Guid(96de908384869cd409c75efa351d5edf) Importer(2089858483,b0f066a214c2f5e87bad3c948f4d605d)
Start importing Assets/TextMesh Pro/Shaders/SDFFunctions.hlsl using Guid(96de908384869cd409c75efa351d5edf) Importer(2089858483,b0f066a214c2f5e87bad3c948f4d605d) (ScriptedImporter) -> (artifact id: 'bd42b99c27007eebcebec367f36f8010') in 0.0012345 seconds
Number of updated asset objects reloaded before import = 0Number of asset objects unloaded after import = 1

========================================================================
Received Import Request.
  Time since last request: 0.000037 seconds.
  path: Assets/Tests/PlayMode/VehicleRunner.PlayModeTests.asmdef
  artifactKey: Guid(4c315ef3f35fa4028a872bf5d0cce897) Importer(2089858483,b0f066a214c2f5e87bad3c948f4d605d)
Start importing Assets/Tests/PlayMode/VehicleRunner.PlayModeTests.asmdef using Guid(4c315ef3f35fa4028a872bf5d0cce897) Importer(2089858483,b0f066a214c2f5e87bad3c948f4d605d) (ScriptedImporter) -> (artifact id: 'df83fe4d9b93c98611509624b09cde09') in 0.00115875 seconds
Number of updated asset objects reloaded before import = 0Number of asset objects unloaded after import = 1

========================================================================
Received Import Request.
  Time since last request: 0.000037 seconds.
  path: Assets/Input/RunnerInputActions.inputactions
  artifactKey: Guid(a3333333333333333333333333333333) Importer(2089858483,b0f066a214c2f5e87bad3c948f4d605d)
Start importing Assets/Input/RunnerInputActions.inputactions using Guid(a3333333333333333333333333333333) Importer(2089858483,b0f066a214c2f5e87bad3c948f4d605d) (ScriptedImporter) -> (artifact id: 'f37e860a9fe92667c53267ca36dc8412') in 0.061763416 seconds
Number of updated asset objects reloaded before import = 0Number of asset objects unloaded after import = 4

========================================================================
Received Import Request.
  Time since last request: 0.000032 seconds.
  path: Assets/Scripts/UI/GpsStatusIndicator.cs
  artifactKey: Guid(1a289c1534c8b4024b5b3422ad2a83b0) Importer(2089858483,b0f066a214c2f5e87bad3c948f4d605d)
Start importing Assets/Scripts/UI/GpsStatusIndicator.cs using Guid(1a289c1534c8b4024b5b3422ad2a83b0) Importer(2089858483,b0f066a214c2f5e87bad3c948f4d605d) (ScriptedImporter) -> (artifact id: 'e2223506d8598673a9741cd0a959e5a3') in 0.000979833 seconds
Number of updated asset objects reloaded before import = 0Number of asset objects unloaded after import = 0

========================================================================
Received Import Request.
  Time since last request: 0.000026 seconds.
  path: Assets/Scripts/Speed/DelayedSpeedBuffer.cs
  artifactKey: Guid(bcfab02d3933e412ca1fda30ddd5602d) Importer(2089858483,b0f066a214c2f5e87bad3c948f4d605d)
Start importing Assets/Scripts/Speed/DelayedSpeedBuffer.cs using Guid(bcfab02d3933e412ca1fda30ddd5602d) Importer(2089858483,b0f066a214c2f5e87bad3c948f4d605d) (ScriptedImporter) -> (artifact id: 'fbb4a2287d3608146fa52bda04e43cc2') in 0.001029458 seconds
Number of updated asset objects reloaded before import = 0Number of asset objects unloaded after import = 0

========================================================================
Received Import Request.
  Time since last request: 0.000037 seconds.
  path: Assets/TextMesh Pro/Resources/Fonts & Materials/LiberationSans SDF.asset
  artifactKey: Guid(8f586378b4e144a9851e7b34d9b748ee) Importer(2089858483,b0f066a214c2f5e87bad3c948f4d605d)
Start importing Assets/TextMesh Pro/Resources/Fonts & Materials/LiberationSans SDF.asset using Guid(8f586378b4e144a9851e7b34d9b748ee) Importer(2089858483,b0f066a214c2f5e87bad3c948f4d605d) (ScriptedImporter) -> (artifact id: '3cfa93c04195ac1c57b71c9c2d3b43e9') in 0.024629375 seconds
Number of updated asset objects reloaded before import = 0Number of asset objects unloaded after import = 9

========================================================================
Received Import Request.
  Time since last request: 0.000035 seconds.
  path: Assets/Scripts/Core/GameManager.cs
  artifactKey: Guid(0ce1445f3f1314f36b113bf448fd3bbc) Importer(2089858483,b0f066a214c2f5e87bad3c948f4d605d)
Start importing Assets/Scripts/Core/GameManager.cs using Guid(0ce1445f3f1314f36b113bf448fd3bbc) Importer(2089858483,b0f066a214c2f5e87bad3c948f4d605d) (ScriptedImporter) -> (artifact id: 'e551a1386968fe2c48bcbd12583f81ba') in 0.00145875 seconds
Number of updated asset objects reloaded before import = 0Number of asset objects unloaded after import = 0

========================================================================
Received Import Request.
  Time since last request: 0.000051 seconds.
  path: Assets/Tests/PlayMode/GameOverTests.cs
  artifactKey: Guid(cf13abaddea7e4c619d6c5bda0aa68b3) Importer(2089858483,b0f066a214c2f5e87bad3c948f4d605d)
Start importing Assets/Tests/PlayMode/GameOverTests.cs using Guid(cf13abaddea7e4c619d6c5bda0aa68b3) Importer(2089858483,b0f066a214c2f5e87bad3c948f4d605d) (ScriptedImporter) -> (artifact id: 'a86d0f6cc1e9e4fd0592cf0c4066d852') in 0.001229834 seconds
Number of updated asset objects reloaded before import = 0Number of asset objects unloaded after import = 0

========================================================================
Received Import Request.
  Time since last request: 0.000037 seconds.
  path: Assets/Scripts/Player/GroundCheck.cs
  artifactKey: Guid(f4444444444444444444444444444444) Importer(2089858483,b0f066a214c2f5e87bad3c948f4d605d)
Start importing Assets/Scripts/Player/GroundCheck.cs using Guid(f4444444444444444444444444444444) Importer(2089858483,b0f066a214c2f5e87bad3c948f4d605d) (ScriptedImporter) -> (artifact id: 'e30fd7b2365385d0364d07a3aa1a534a') in 0.00129475 seconds
Number of updated asset objects reloaded before import = 0Number of asset objects unloaded after import = 0

========================================================================
Received Import Request.
  Time since last request: 0.000048 seconds.
  path: Assets/Tests/PlayMode/PlayModeTestFactory.cs
  artifactKey: Guid(56a57c61154234841a9a3e6d991b5f7c) Importer(2089858483,b0f066a214c2f5e87bad3c948f4d605d)
Start importing Assets/Tests/PlayMode/PlayModeTestFactory.cs using Guid(56a57c61154234841a9a3e6d991b5f7c) Importer(2089858483,b0f066a214c2f5e87bad3c948f4d605d) (ScriptedImporter) -> (artifact id: 'd1cf6fa2de55883c3dea2313e2e1e168') in 0.002702875 seconds
Number of updated asset objects reloaded before import = 0Number of asset objects unloaded after import = 0

========================================================================
Received Import Request.
  Time since last request: 0.000123 seconds.
  path: Packages/com.coplaydev.unity-mcp/Editor/Helpers/ConfigJsonBuilder.cs
  artifactKey: Guid(5c07c3369f73943919d9e086a81d1dcc) Importer(2089858483,b0f066a214c2f5e87bad3c948f4d605d)
Start importing Packages/com.coplaydev.unity-mcp/Editor/Helpers/ConfigJsonBuilder.cs using Guid(5c07c3369f73943919d9e086a81d1dcc) Importer(2089858483,b0f066a214c2f5e87bad3c948f4d605d) (ScriptedImporter) -> (artifact id: 'a856dd3efe4ecc8933c085070e10b195') in 0.001126875 seconds
Number of updated asset objects reloaded before import = 0Number of asset objects unloaded after import = 0

========================================================================
Received Import Request.
  Time since last request: 0.000045 seconds.
  path: Assets/TextMesh Pro/Sprites/EmojiOne Attribution.txt
  artifactKey: Guid(381dcb09d5029d14897e55f98031fca5) Importer(2089858483,b0f066a214c2f5e87bad3c948f4d605d)
Start importing Assets/TextMesh Pro/Sprites/EmojiOne Attribution.txt using Guid(381dcb09d5029d14897e55f98031fca5) Importer(2089858483,b0f066a214c2f5e87bad3c948f4d605d) (ScriptedImporter) -> (artifact id: '6ae921aa36f2ecbae85ab6ce0a6e3d59') in 0.001757542 seconds
Number of updated asset objects reloaded before import = 0Number of asset objects unloaded after import = 1

========================================================================
Received Import Request.
  Time since last request: 0.000204 seconds.
  path: Assets/TextMesh Pro/Shaders/TMP_SDF-Mobile-2-Pass.shader
  artifactKey: Guid(0178fcb869bafef4690d177d31d17db8) Importer(2089858483,b0f066a214c2f5e87bad3c948f4d605d)
Start importing Assets/TextMesh Pro/Shaders/TMP_SDF-Mobile-2-Pass.shader using Guid(0178fcb869bafef4690d177d31d17db8) Importer(2089858483,b0f066a214c2f5e87bad3c948f4d605d) (ScriptedImporter) -> (artifact id: '71f71b9fe80a4324965f44ff92a3e1c3') in 0.004725416 seconds
Number of updated asset objects reloaded before import = 0Number of asset objects unloaded after import = 1

========================================================================
Received Import Request.
  Time since last request: 0.001254 seconds.
  path: Packages/com.coplaydev.unity-mcp/Editor/Helpers/PropertyConversion.cs
  artifactKey: Guid(4b4187d5b338a453fbe0baceaeea6bcd) Importer(2089858483,b0f066a214c2f5e87bad3c948f4d605d)
Start importing Packages/com.coplaydev.unity-mcp/Editor/Helpers/PropertyConversion.cs using Guid(4b4187d5b338a453fbe0baceaeea6bcd) Importer(2089858483,b0f066a214c2f5e87bad3c948f4d605d) (ScriptedImporter) -> (artifact id: 'be75d31ac99bf5ec8b9f71bdab2cf2e7') in 0.001938542 seconds
Number of updated asset objects reloaded before import = 0Number of asset objects unloaded after import = 0

========================================================================
Received Import Request.
  Time since last request: 0.000048 seconds.
  path: Assets/Tests/EditMode/VehicleSpeedFilterTests.cs
  artifactKey: Guid(6a20b981ff3854f349d87980e7b0c1f1) Importer(2089858483,b0f066a214c2f5e87bad3c948f4d605d)
Start importing Assets/Tests/EditMode/VehicleSpeedFilterTests.cs using Guid(6a20b981ff3854f349d87980e7b0c1f1) Importer(2089858483,b0f066a214c2f5e87bad3c948f4d605d) (ScriptedImporter) -> (artifact id: '5e85c56b828d0546f3fd1dcc4f8f2d49') in 0.001089042 seconds
Number of updated asset objects reloaded before import = 0Number of asset objects unloaded after import = 0

========================================================================
Received Import Request.
  Time since last request: 0.000056 seconds.
  path: Assets/TextMesh Pro/Shaders/TMP_SDF-HDRP LIT.shadergraph
  artifactKey: Guid(ca2ed216f98028c4dae6c5224a952b3c) Importer(2089858483,b0f066a214c2f5e87bad3c948f4d605d)
Start importing Assets/TextMesh Pro/Shaders/TMP_SDF-HDRP LIT.shadergraph using Guid(ca2ed216f98028c4dae6c5224a952b3c) Importer(2089858483,b0f066a214c2f5e87bad3c948f4d605d) (ScriptedImporter) -> (artifact id: '4d92c5422daf514610b7474f818c9b93') in 0.00401875 seconds
Number of updated asset objects reloaded before import = 0Number of asset objects unloaded after import = 3

========================================================================
Received Import Request.
  Time since last request: 0.000043 seconds.
  path: Packages/com.coplaydev.unity-mcp/Editor/Services/ClientConfigurationService.cs
  artifactKey: Guid(76cad34d10fd24aaa95c4583c1f88fdf) Importer(2089858483,b0f066a214c2f5e87bad3c948f4d605d)
Start importing Packages/com.coplaydev.unity-mcp/Editor/Services/ClientConfigurationService.cs using Guid(76cad34d10fd24aaa95c4583c1f88fdf) Importer(2089858483,b0f066a214c2f5e87bad3c948f4d605d) (ScriptedImporter) -> (artifact id: '1d10740cc1bd789a98984d4956524ef6') in 0.001259916 seconds
Number of updated asset objects reloaded before import = 0Number of asset objects unloaded after import = 0

========================================================================
Received Prepare
WARNING: Shader Unsupported: 'Universal Render Pipeline/VR/SpatialMapping/Wireframe' - All subshaders removed
WARNING: Shader Did you use #pragma only_renderers and omit this platform?
WARNING: Shader If subshaders removal was intentional, you may have forgotten turning Fallback off?
WARNING: Shader Unsupported: 'Universal Render Pipeline/VR/SpatialMapping/Wireframe' - All subshaders removed
WARNING: Shader Did you use #pragma only_renderers and omit this platform?
WARNING: Shader If subshaders removal was intentional, you may have forgotten turning Fallback off?
Refreshing native plugins compatible for Editor in 0.83 ms, found 3 plugins.
Preloading 0 native plugins for Editor in 0.00 ms.
Unloading 31 Unused Serialized files (Serialized files now loaded: 0)
Unloading 47 unused Assets / (2.3 MB). Loaded Objects now: 8322.
Memory consumption went from 169.2 MB to 166.9 MB.
Total: 5.052083 ms (FindLiveObjects: 0.140833 ms CreateObjectMapping: 0.078125 ms MarkObjects: 4.528917 ms  DeleteObjects: 0.303958 ms)

Prepare: number of updated asset objects reloaded= 0
========================================================================
Received Import Request.
  Time since last request: 0.200710 seconds.
  path: Packages/com.coplaydev.unity-mcp/Editor/Services/TestRunnerService.cs
  artifactKey: Guid(18db1e25b13e14b0b9b186c751e397d0) Importer(2089858483,b0f066a214c2f5e87bad3c948f4d605d)
Start importing Packages/com.coplaydev.unity-mcp/Editor/Services/TestRunnerService.cs using Guid(18db1e25b13e14b0b9b186c751e397d0) Importer(2089858483,b0f066a214c2f5e87bad3c948f4d605d) (ScriptedImporter) -> (artifact id: '97e2f10717487110db711d8cacac119d') in 0.001493667 seconds
Number of updated asset objects reloaded before import = 0Number of asset objects unloaded after import = 0

========================================================================
Received Import Request.
  Time since last request: 0.000033 seconds.
  path: Packages/com.coplaydev.unity-mcp/Editor/Services/EditorPrefsWindowService.cs
  artifactKey: Guid(2a1c6e4725a484c0abf10f6eaa1d8d5d) Importer(2089858483,b0f066a214c2f5e87bad3c948f4d605d)
Start importing Packages/com.coplaydev.unity-mcp/Editor/Services/EditorPrefsWindowService.cs using Guid(2a1c6e4725a484c0abf10f6eaa1d8d5d) Importer(2089858483,b0f066a214c2f5e87bad3c948f4d605d) (ScriptedImporter) -> (artifact id: '53d0f295c55671d21006433e89954714') in 0.001363333 seconds
Number of updated asset objects reloaded before import = 0Number of asset objects unloaded after import = 0

========================================================================
Received Import Request.
  Time since last request: 0.000031 seconds.
  path: Packages/com.coplaydev.unity-mcp/Editor/Tools/ManageBuild.cs
  artifactKey: Guid(8d98a65cffc54d0fa584a772a5e5d5f6) Importer(2089858483,b0f066a214c2f5e87bad3c948f4d605d)
Start importing Packages/com.coplaydev.unity-mcp/Editor/Tools/ManageBuild.cs using Guid(8d98a65cffc54d0fa584a772a5e5d5f6) Importer(2089858483,b0f066a214c2f5e87bad3c948f4d605d) (ScriptedImporter) -> (artifact id: '61c2dc7e521f576daef405fe7a3a67ef') in 0.00128625 seconds
Number of updated asset objects reloaded before import = 0Number of asset objects unloaded after import = 0

========================================================================
Received Import Request.
  Time since last request: 0.000036 seconds.
  path: Packages/com.coplaydev.unity-mcp/Editor/Clients/Configurators/AntigravityConfigurator.cs
  artifactKey: Guid(331b33961513042e3945d0a1d06615b5) Importer(2089858483,b0f066a214c2f5e87bad3c948f4d605d)
Start importing Packages/com.coplaydev.unity-mcp/Editor/Clients/Configurators/AntigravityConfigurator.cs using Guid(331b33961513042e3945d0a1d06615b5) Importer(2089858483,b0f066a214c2f5e87bad3c948f4d605d) (ScriptedImporter) -> (artifact id: '8ace9e38bcaac319fc91588b3c8a3de2') in 0.00131925 seconds
Number of updated asset objects reloaded before import = 0Number of asset objects unloaded after import = 0

========================================================================
Received Import Request.
  Time since last request: 0.000035 seconds.
  path: Packages/com.coplaydev.unity-mcp/Editor/Tools/ManageTexture.cs
  artifactKey: Guid(8028b64102744ea5aad53a762d48079a) Importer(2089858483,b0f066a214c2f5e87bad3c948f4d605d)
Start importing Packages/com.coplaydev.unity-mcp/Editor/Tools/ManageTexture.cs using Guid(8028b64102744ea5aad53a762d48079a) Importer(2089858483,b0f066a214c2f5e87bad3c948f4d605d) (ScriptedImporter) -> (artifact id: '1d37278b16c0a18a7ff6be3f6ba27198') in 0.001307 seconds
Number of updated asset objects reloaded before import = 0Number of asset objects unloaded after import = 0

========================================================================
Received Import Request.
  Time since last request: 0.000035 seconds.
  path: Packages/com.coplaydev.unity-mcp/Editor/Clients/Configurators/VSCodeConfigurator.cs
  artifactKey: Guid(bcc7ead475a4d4ea2978151c217757b8) Importer(2089858483,b0f066a214c2f5e87bad3c948f4d605d)
Start importing Packages/com.coplaydev.unity-mcp/Editor/Clients/Configurators/VSCodeConfigurator.cs using Guid(bcc7ead475a4d4ea2978151c217757b8) Importer(2089858483,b0f066a214c2f5e87bad3c948f4d605d) (ScriptedImporter) -> (artifact id: 'b9a288c495fb5fbd7f96b43e81f84edb') in 0.001265042 seconds
Number of updated asset objects reloaded before import = 0Number of asset objects unloaded after import = 0

========================================================================
Received Import Request.
  Time since last request: 0.000035 seconds.
  path: Packages/com.coplaydev.unity-mcp/Editor/Setup/RoslynInstaller.cs
  artifactKey: Guid(8a3f2c7e4b1d4a9f8e6c0d5b3a7f1e2d) Importer(2089858483,b0f066a214c2f5e87bad3c948f4d605d)
Start importing Packages/com.coplaydev.unity-mcp/Editor/Setup/RoslynInstaller.cs using Guid(8a3f2c7e4b1d4a9f8e6c0d5b3a7f1e2d) Importer(2089858483,b0f066a214c2f5e87bad3c948f4d605d) (ScriptedImporter) -> (artifact id: 'd55907fdfd5a05f6d85062300c0e7233') in 0.001252375 seconds
Number of updated asset objects reloaded before import = 0Number of asset objects unloaded after import = 0

========================================================================
Received Import Request.
  Time since last request: 0.000033 seconds.
  path: Packages/com.coplaydev.unity-mcp/Editor/Services/PackageJobManager.cs
  artifactKey: Guid(0c8e16aa625e01544beb2468fda53613) Importer(2089858483,b0f066a214c2f5e87bad3c948f4d605d)
Start importing Packages/com.coplaydev.unity-mcp/Editor/Services/PackageJobManager.cs using Guid(0c8e16aa625e01544beb2468fda53613) Importer(2089858483,b0f066a214c2f5e87bad3c948f4d605d) (ScriptedImporter) -> (artifact id: '131f9cd192643a4eff525872b95ab2e0') in 0.001268542 seconds
Number of updated asset objects reloaded before import = 0Number of asset objects unloaded after import = 0

========================================================================
Received Import Request.
  Time since last request: 0.000032 seconds.
  path: Packages/com.coplaydev.unity-mcp/Editor/Tools/ManageScript.cs
  artifactKey: Guid(626d2d44668019a45ae52e9ee066b7ec) Importer(2089858483,b0f066a214c2f5e87bad3c948f4d605d)
Start importing Packages/com.coplaydev.unity-mcp/Editor/Tools/ManageScript.cs using Guid(626d2d44668019a45ae52e9ee066b7ec) Importer(2089858483,b0f066a214c2f5e87bad3c948f4d605d) (ScriptedImporter) -> (artifact id: '8fc40a76efdfd443a5e33abc520351b9') in 0.001243417 seconds
Number of updated asset objects reloaded before import = 0Number of asset objects unloaded after import = 0

========================================================================
Received Import Request.
  Time since last request: 0.000037 seconds.
  path: Packages/com.coplaydev.unity-mcp/Runtime/Helpers/UnityObjectIdCompat.cs
  artifactKey: Guid(5ea8b580f3e80459cab9019f71d0ccb6) Importer(2089858483,b0f066a214c2f5e87bad3c948f4d605d)
Start importing Packages/com.coplaydev.unity-mcp/Runtime/Helpers/UnityObjectIdCompat.cs using Guid(5ea8b580f3e80459cab9019f71d0ccb6) Importer(2089858483,b0f066a214c2f5e87bad3c948f4d605d) (ScriptedImporter) -> (artifact id: '3f949778e32cdf20de1bb8d64120b51b') in 0.001265875 seconds
Number of updated asset objects reloaded before import = 0Number of asset objects unloaded after import = 0

========================================================================
Received Import Request.
  Time since last request: 0.000039 seconds.
  path: Packages/com.coplaydev.unity-mcp/Editor/Dependencies/PlatformDetectors/WindowsPlatformDetector.cs
  artifactKey: Guid(1aedc29caa5704c07b487d20a27e9334) Importer(2089858483,b0f066a214c2f5e87bad3c948f4d605d)
Start importing Packages/com.coplaydev.unity-mcp/Editor/Dependencies/PlatformDetectors/WindowsPlatformDetector.cs using Guid(1aedc29caa5704c07b487d20a27e9334) Importer(2089858483,b0f066a214c2f5e87bad3c948f4d605d) (ScriptedImporter) -> (artifact id: '4a2601d17d9e90843c3d344f345bbca3') in 0.00129275 seconds
Number of updated asset objects reloaded before import = 0Number of asset objects unloaded after import = 0

========================================================================
Received Import Request.
  Time since last request: 0.000037 seconds.
  path: Packages/com.coplaydev.unity-mcp/Editor/Tools/McpForUnityToolAttribute.cs
  artifactKey: Guid(804d07b886f4e4eb39316bbef34687c7) Importer(2089858483,b0f066a214c2f5e87bad3c948f4d605d)
Start importing Packages/com.coplaydev.unity-mcp/Editor/Tools/McpForUnityToolAttribute.cs using Guid(804d07b886f4e4eb39316bbef34687c7) Importer(2089858483,b0f066a214c2f5e87bad3c948f4d605d) (ScriptedImporter) -> (artifact id: '916141f5e9d0fb9896805d93e5670fee') in 0.001396334 seconds
Number of updated asset objects reloaded before import = 0Number of asset objects unloaded after import = 0

========================================================================
Received Import Request.
  Time since last request: 0.000049 seconds.
  path: Packages/com.coplaydev.unity-mcp/Editor/Tools/ManageMaterial.cs
  artifactKey: Guid(e55741e2b00794a049a0ed5e63278a56) Importer(2089858483,b0f066a214c2f5e87bad3c948f4d605d)
Start importing Packages/com.coplaydev.unity-mcp/Editor/Tools/ManageMaterial.cs using Guid(e55741e2b00794a049a0ed5e63278a56) Importer(2089858483,b0f066a214c2f5e87bad3c948f4d605d) (ScriptedImporter) -> (artifact id: '7c5e5298ad561d1e37f7fc6e8160f3df') in 0.001364917 seconds
Number of updated asset objects reloaded before import = 0Number of asset objects unloaded after import = 0

========================================================================
Received Import Request.
  Time since last request: 0.000032 seconds.
  path: Packages/com.coplaydev.unity-mcp/Editor/Clients/Configurators/OpenCodeConfigurator.cs
  artifactKey: Guid(489f99ffb7e6743e88e3203552c8b37b) Importer(2089858483,b0f066a214c2f5e87bad3c948f4d605d)
Start importing Packages/com.coplaydev.unity-mcp/Editor/Clients/Configurators/OpenCodeConfigurator.cs using Guid(489f99ffb7e6743e88e3203552c8b37b) Importer(2089858483,b0f066a214c2f5e87bad3c948f4d605d) (ScriptedImporter) -> (artifact id: '5bc77d9211f8d4c5db44d0cdfb99fa76') in 0.001289042 seconds
Number of updated asset objects reloaded before import = 0Number of asset objects unloaded after import = 0

========================================================================
Received Import Request.
  Time since last request: 0.000036 seconds.
  path: Packages/com.coplaydev.unity-mcp/Editor/Tools/RunTests.cs
  artifactKey: Guid(5cc0c41b1a8b4e0e9d0f1f8b1d7d2a9c) Importer(2089858483,b0f066a214c2f5e87bad3c948f4d605d)
Start importing Packages/com.coplaydev.unity-mcp/Editor/Tools/RunTests.cs using Guid(5cc0c41b1a8b4e0e9d0f1f8b1d7d2a9c) Importer(2089858483,b0f066a214c2f5e87bad3c948f4d605d) (ScriptedImporter) -> (artifact id: 'fcfbbbfd1037ba5a7884a27a17816fad') in 0.001301292 seconds
Number of updated asset objects reloaded before import = 0Number of asset objects unloaded after import = 0

========================================================================
Received Import Request.
  Time since last request: 0.000031 seconds.
  path: Packages/com.coplaydev.unity-mcp/Editor/Services/IPlatformService.cs
  artifactKey: Guid(1d90ff7f9a1e84c9bbbbedee2f7eda2a) Importer(2089858483,b0f066a214c2f5e87bad3c948f4d605d)
Start importing Packages/com.coplaydev.unity-mcp/Editor/Services/IPlatformService.cs using Guid(1d90ff7f9a1e84c9bbbbedee2f7eda2a) Importer(2089858483,b0f066a214c2f5e87bad3c948f4d605d) (ScriptedImporter) -> (artifact id: '2dcd4a35c4e0d750a8150f3a1797efc4') in 0.0012275 seconds
Number of updated asset objects reloaded before import = 0Number of asset objects unloaded after import = 0

========================================================================
Received Import Request.
  Time since last request: 0.000041 seconds.
  path: Packages/com.coplaydev.unity-mcp/Editor/Clients/Configurators/CherryStudioConfigurator.cs
  artifactKey: Guid(6de06c6bb0399154d840a1e4c84be869) Importer(2089858483,b0f066a214c2f5e87bad3c948f4d605d)
Start importing Packages/com.coplaydev.unity-mcp/Editor/Clients/Configurators/CherryStudioConfigurator.cs using Guid(6de06c6bb0399154d840a1e4c84be869) Importer(2089858483,b0f066a214c2f5e87bad3c948f4d605d) (ScriptedImporter) -> (artifact id: 'e55f787af59fb5f58e018a9add641f8a') in 0.001214833 seconds
Number of updated asset objects reloaded before import = 0Number of asset objects unloaded after import = 0

========================================================================
Received Import Request.
  Time since last request: 0.000040 seconds.
  path: Packages/com.coplaydev.unity-mcp/Editor/Tools/ExecuteCode.cs
  artifactKey: Guid(8ebfb8c53994b4750ad9c4f284e7126e) Importer(2089858483,b0f066a214c2f5e87bad3c948f4d605d)
Start importing Packages/com.coplaydev.unity-mcp/Editor/Tools/ExecuteCode.cs using Guid(8ebfb8c53994b4750ad9c4f284e7126e) Importer(2089858483,b0f066a214c2f5e87bad3c948f4d605d) (ScriptedImporter) -> (artifact id: '27a5c5ca6711a5d887490f204961890e') in 0.001235916 seconds
Number of updated asset objects reloaded before import = 0Number of asset objects unloaded after import = 0

========================================================================
Received Import Request.
  Time since last request: 0.000033 seconds.
  path: Packages/com.coplaydev.unity-mcp/Editor/Services/HttpBridgeReloadHandler.cs
  artifactKey: Guid(4c0cf970a7b494a659be151dc0124296) Importer(2089858483,b0f066a214c2f5e87bad3c948f4d605d)
Start importing Packages/com.coplaydev.unity-mcp/Editor/Services/HttpBridgeReloadHandler.cs using Guid(4c0cf970a7b494a659be151dc0124296) Importer(2089858483,b0f066a214c2f5e87bad3c948f4d605d) (ScriptedImporter) -> (artifact id: 'ee4f29d8c3866be496c344aa5837e7c8') in 0.001382792 seconds
Number of updated asset objects reloaded before import = 0Number of asset objects unloaded after import = 0

========================================================================
Received Import Request.
  Time since last request: 0.000045 seconds.
  path: Packages/com.coplaydev.unity-mcp/Editor/Services/IBridgeControlService.cs
  artifactKey: Guid(6b5d9f677f6f54fc59e6fe921b260c61) Importer(2089858483,b0f066a214c2f5e87bad3c948f4d605d)
Start importing Packages/com.coplaydev.unity-mcp/Editor/Services/IBridgeControlService.cs using Guid(6b5d9f677f6f54fc59e6fe921b260c61) Importer(2089858483,b0f066a214c2f5e87bad3c948f4d605d) (ScriptedImporter) -> (artifact id: 'b88bd256afcc4f46ff0f6d6ecbaf28d8') in 0.001227291 seconds
Number of updated asset objects reloaded before import = 0Number of asset objects unloaded after import = 0

========================================================================
Received Import Request.
  Time since last request: 0.000037 seconds.
  path: Packages/com.coplaydev.unity-mcp/Editor/Clients/Configurators/WindsurfConfigurator.cs
  artifactKey: Guid(b528971e189f141d38db577f155bd222) Importer(2089858483,b0f066a214c2f5e87bad3c948f4d605d)
Start importing Packages/com.coplaydev.unity-mcp/Editor/Clients/Configurators/WindsurfConfigurator.cs using Guid(b528971e189f141d38db577f155bd222) Importer(2089858483,b0f066a214c2f5e87bad3c948f4d605d) (ScriptedImporter) -> (artifact id: 'e4161aecf4ba5c6b20667075fd98c460') in 0.00126925 seconds
Number of updated asset objects reloaded before import = 0Number of asset objects unloaded after import = 0

========================================================================
Received Import Request.
  Time since last request: 0.000039 seconds.
  path: Packages/com.coplaydev.unity-mcp/Editor/Resources/Editor/ActiveTool.cs
  artifactKey: Guid(6e78b6227ab7742a8a4f679ee6a8a212) Importer(2089858483,b0f066a214c2f5e87bad3c948f4d605d)
Start importing Packages/com.coplaydev.unity-mcp/Editor/Resources/Editor/ActiveTool.cs using Guid(6e78b6227ab7742a8a4f679ee6a8a212) Importer(2089858483,b0f066a214c2f5e87bad3c948f4d605d) (ScriptedImporter) -> (artifact id: '7bbbdb9f512f63f606c396246fe4f45c') in 0.001180875 seconds
Number of updated asset objects reloaded before import = 0Number of asset objects unloaded after import = 0

========================================================================
Received Import Request.
  Time since last request: 0.000053 seconds.
  path: Packages/com.coplaydev.unity-mcp/Editor/Services/StartupConfigRewrite.cs
  artifactKey: Guid(545839736dec4fc49c7392412dac7856) Importer(2089858483,b0f066a214c2f5e87bad3c948f4d605d)
Start importing Packages/com.coplaydev.unity-mcp/Editor/Services/StartupConfigRewrite.cs using Guid(545839736dec4fc49c7392412dac7856) Importer(2089858483,b0f066a214c2f5e87bad3c948f4d605d) (ScriptedImporter) -> (artifact id: '4dc7f0be43697628b9dd92f9e41f803f') in 0.001189375 seconds
Number of updated asset objects reloaded before import = 0Number of asset objects unloaded after import = 0

========================================================================
Received Import Request.
  Time since last request: 0.000031 seconds.
  path: Packages/com.coplaydev.unity-mcp/Editor/Windows/MCPForUnityEditorWindow.uss
  artifactKey: Guid(8f9b5e0c2d3c4e5f6a7b8c9d0e1f2a3c) Importer(2089858483,b0f066a214c2f5e87bad3c948f4d605d)
Start importing Packages/com.coplaydev.unity-mcp/Editor/Windows/MCPForUnityEditorWindow.uss using Guid(8f9b5e0c2d3c4e5f6a7b8c9d0e1f2a3c) Importer(2089858483,b0f066a214c2f5e87bad3c948f4d605d) (ScriptedImporter) -> (artifact id: '1822bef2cf8f9b693f762ff8a6d0f110') in 0.006933875 seconds
Number of updated asset objects reloaded before import = 0Number of asset objects unloaded after import = 1

========================================================================
Received Import Request.
  Time since last request: 0.000051 seconds.
  path: Packages/com.coplaydev.unity-mcp/Editor/Dependencies/PlatformDetectors/IPlatformDetector.cs
  artifactKey: Guid(67d73d0e8caef4e60942f4419c6b76bf) Importer(2089858483,b0f066a214c2f5e87bad3c948f4d605d)
Start importing Packages/com.coplaydev.unity-mcp/Editor/Dependencies/PlatformDetectors/IPlatformDetector.cs using Guid(67d73d0e8caef4e60942f4419c6b76bf) Importer(2089858483,b0f066a214c2f5e87bad3c948f4d605d) (ScriptedImporter) -> (artifact id: '0a03ae1dbaf585d0d34d25e92daf3ab8') in 0.001278292 seconds
Number of updated asset objects reloaded before import = 0Number of asset objects unloaded after import = 0

========================================================================
Received Import Request.
  Time since last request: 0.000039 seconds.
  path: Packages/com.coplaydev.unity-mcp/Editor/Services/TestRunStatus.cs
  artifactKey: Guid(b3d140c288f6e4b6aa2b7e8181a09c1e) Importer(2089858483,b0f066a214c2f5e87bad3c948f4d605d)
Start importing Packages/com.coplaydev.unity-mcp/Editor/Services/TestRunStatus.cs using Guid(b3d140c288f6e4b6aa2b7e8181a09c1e) Importer(2089858483,b0f066a214c2f5e87bad3c948f4d605d) (ScriptedImporter) -> (artifact id: '934ff5370315ac27b028948615e1d638') in 0.001188292 seconds
Number of updated asset objects reloaded before import = 0Number of asset objects unloaded after import = 0

========================================================================
Received Import Request.
  Time since last request: 0.000037 seconds.
  path: Packages/com.coplaydev.unity-mcp/Editor/Services/MCPServiceLocator.cs
  artifactKey: Guid(276d6a9f9a1714ead91573945de78992) Importer(2089858483,b0f066a214c2f5e87bad3c948f4d605d)
Start importing Packages/com.coplaydev.unity-mcp/Editor/Services/MCPServiceLocator.cs using Guid(276d6a9f9a1714ead91573945de78992) Importer(2089858483,b0f066a214c2f5e87bad3c948f4d605d) (ScriptedImporter) -> (artifact id: '7b44849d24c5590f8998cc1887d659b3') in 0.00133775 seconds
Number of updated asset objects reloaded before import = 0Number of asset objects unloaded after import = 0

========================================================================
Received Import Request.
  Time since last request: 0.000057 seconds.
  path: Packages/com.coplaydev.unity-mcp/Editor/Services/IClientConfigurationService.cs
  artifactKey: Guid(aae139cfae7ac4044ac52e2658005ea1) Importer(2089858483,b0f066a214c2f5e87bad3c948f4d605d)
Start importing Packages/com.coplaydev.unity-mcp/Editor/Services/IClientConfigurationService.cs using Guid(aae139cfae7ac4044ac52e2658005ea1) Importer(2089858483,b0f066a214c2f5e87bad3c948f4d605d) (ScriptedImporter) -> (artifact id: '42d44be92ef4b5c334a5778552ad0cf8') in 0.001327167 seconds
Number of updated asset objects reloaded before import = 0Number of asset objects unloaded after import = 0

========================================================================
Received Import Request.
  Time since last request: 0.000081 seconds.
  path: Packages/com.coplaydev.unity-mcp/Editor/Clients/Configurators/CodeBuddyCliConfigurator.cs
  artifactKey: Guid(923728a98c8c74cfaa6e9203c408f34e) Importer(2089858483,b0f066a214c2f5e87bad3c948f4d605d)
Start importing Packages/com.coplaydev.unity-mcp/Editor/Clients/Configurators/CodeBuddyCliConfigurator.cs using Guid(923728a98c8c74cfaa6e9203c408f34e) Importer(2089858483,b0f066a214c2f5e87bad3c948f4d605d) (ScriptedImporter) -> (artifact id: '045f8cfcd2c2e1c6d371ff48a4d11581') in 0.001537708 seconds
Number of updated asset objects reloaded before import = 0Number of asset objects unloaded after import = 0

========================================================================
Received Import Request.
  Time since last request: 0.000049 seconds.
  path: Packages/com.coplaydev.unity-mcp/Editor/Services/IPackageDeploymentService.cs
  artifactKey: Guid(9c7a6f1ce6cd4a8c8a3b5d58d4b760a2) Importer(2089858483,b0f066a214c2f5e87bad3c948f4d605d)
Start importing Packages/com.coplaydev.unity-mcp/Editor/Services/IPackageDeploymentService.cs using Guid(9c7a6f1ce6cd4a8c8a3b5d58d4b760a2) Importer(2089858483,b0f066a214c2f5e87bad3c948f4d605d) (ScriptedImporter) -> (artifact id: '57e5c82b32db00fd7078095c2053054f') in 0.001656958 seconds
Number of updated asset objects reloaded before import = 0Number of asset objects unloaded after import = 0

========================================================================
Received Import Request.
  Time since last request: 0.000035 seconds.
  path: Packages/com.coplaydev.unity-mcp/Editor/Services/TestJobManager.cs
  artifactKey: Guid(2d7a9b8c0e1f4a6b9c3d2e1f0a9b8c7d) Importer(2089858483,b0f066a214c2f5e87bad3c948f4d605d)
Start importing Packages/com.coplaydev.unity-mcp/Editor/Services/TestJobManager.cs using Guid(2d7a9b8c0e1f4a6b9c3d2e1f0a9b8c7d) Importer(2089858483,b0f066a214c2f5e87bad3c948f4d605d) (ScriptedImporter) -> (artifact id: '3d36c62ae0793980ec684812ef03681c') in 0.001510875 seconds
Number of updated asset objects reloaded before import = 0Number of asset objects unloaded after import = 0

========================================================================
Received Import Request.
  Time since last request: 0.000032 seconds.
  path: Packages/com.coplaydev.unity-mcp/Editor/Tools/ManageAsset.cs
  artifactKey: Guid(de90a1d9743a2874cb235cf0b83444b1) Importer(2089858483,b0f066a214c2f5e87bad3c948f4d605d)
Start importing Packages/com.coplaydev.unity-mcp/Editor/Tools/ManageAsset.cs using Guid(de90a1d9743a2874cb235cf0b83444b1) Importer(2089858483,b0f066a214c2f5e87bad3c948f4d605d) (ScriptedImporter) -> (artifact id: '246ea8475e2f49db706b8b5989f84b60') in 0.001404875 seconds
Number of updated asset objects reloaded before import = 0Number of asset objects unloaded after import = 0

========================================================================
Received Import Request.
  Time since last request: 0.000036 seconds.
  path: Packages/com.coplaydev.unity-mcp/Editor/Services/ToolDiscoveryService.cs
  artifactKey: Guid(ec81a561be4c14c9cb243855d3273a94) Importer(2089858483,b0f066a214c2f5e87bad3c948f4d605d)
Start importing Packages/com.coplaydev.unity-mcp/Editor/Services/ToolDiscoveryService.cs using Guid(ec81a561be4c14c9cb243855d3273a94) Importer(2089858483,b0f066a214c2f5e87bad3c948f4d605d) (ScriptedImporter) -> (artifact id: 'd5cb183dd1170aa0088dc7736c4b9a4a') in 0.001598625 seconds
Number of updated asset objects reloaded before import = 0Number of asset objects unloaded after import = 0

========================================================================
Received Import Request.
  Time since last request: 0.000037 seconds.
  path: Packages/com.coplaydev.unity-mcp/Editor/Tools/ManageEditor.cs
  artifactKey: Guid(43ac60aa36b361b4dbe4a038ae9f35c8) Importer(2089858483,b0f066a214c2f5e87bad3c948f4d605d)
Start importing Packages/com.coplaydev.unity-mcp/Editor/Tools/ManageEditor.cs using Guid(43ac60aa36b361b4dbe4a038ae9f35c8) Importer(2089858483,b0f066a214c2f5e87bad3c948f4d605d) (ScriptedImporter) -> (artifact id: '65490f495395db11d1c613aa223b328d') in 0.001531625 seconds
Number of updated asset objects reloaded before import = 0Number of asset objects unloaded after import = 0

========================================================================
Received Import Request.
  Time since last request: 0.000045 seconds.
  path: Packages/com.coplaydev.unity-mcp/Editor/Tools/FindGameObjects.cs
  artifactKey: Guid(4511082b395b14922b34e90f7a23027e) Importer(2089858483,b0f066a214c2f5e87bad3c948f4d605d)
Start importing Packages/com.coplaydev.unity-mcp/Editor/Tools/FindGameObjects.cs using Guid(4511082b395b14922b34e90f7a23027e) Importer(2089858483,b0f066a214c2f5e87bad3c948f4d605d) (ScriptedImporter) -> (artifact id: '07b222e3770519ce30d0958898aae68a') in 0.001629667 seconds
Number of updated asset objects reloaded before import = 0Number of asset objects unloaded after import = 0

========================================================================
Received Import Request.
  Time since last request: 0.000034 seconds.
  path: Packages/com.coplaydev.unity-mcp/Editor/Tools/ManageComponents.cs
  artifactKey: Guid(c6f476359563842c79eda2c180566c98) Importer(2089858483,b0f066a214c2f5e87bad3c948f4d605d)
Start importing Packages/com.coplaydev.unity-mcp/Editor/Tools/ManageComponents.cs using Guid(c6f476359563842c79eda2c180566c98) Importer(2089858483,b0f066a214c2f5e87bad3c948f4d605d) (ScriptedImporter) -> (artifact id: '8a0d936978e068a7bc38130592e92dfc') in 0.001585834 seconds
Number of updated asset objects reloaded before import = 0Number of asset objects unloaded after import = 0

========================================================================
Received Import Request.
  Time since last request: 0.000042 seconds.
  path: Packages/com.coplaydev.unity-mcp/Editor/Tools/ManageScene.cs
  artifactKey: Guid(b6ddda47f4077e74fbb5092388cefcc2) Importer(2089858483,b0f066a214c2f5e87bad3c948f4d605d)
Start importing Packages/com.coplaydev.unity-mcp/Editor/Tools/ManageScene.cs using Guid(b6ddda47f4077e74fbb5092388cefcc2) Importer(2089858483,b0f066a214c2f5e87bad3c948f4d605d) (ScriptedImporter) -> (artifact id: '18f3ee5c0b2d1b896b94253be5a9f836') in 0.001545833 seconds
Number of updated asset objects reloaded before import = 0Number of asset objects unloaded after import = 0

========================================================================
Received Import Request.
  Time since last request: 0.000038 seconds.
  path: Packages/com.coplaydev.unity-mcp/Editor/Dependencies/Models/DependencyStatus.cs
  artifactKey: Guid(ddeeeca2f876f4083a84417404175199) Importer(2089858483,b0f066a214c2f5e87bad3c948f4d605d)
Start importing Packages/com.coplaydev.unity-mcp/Editor/Dependencies/Models/DependencyStatus.cs using Guid(ddeeeca2f876f4083a84417404175199) Importer(2089858483,b0f066a214c2f5e87bad3c948f4d605d) (ScriptedImporter) -> (artifact id: '6f89f478594ad9c94e088f22b80ab584') in 0.001254834 seconds
Number of updated asset objects reloaded before import = 0Number of asset objects unloaded after import = 0

========================================================================
Received Import Request.
  Time since last request: 0.000071 seconds.
  path: Packages/com.coplaydev.unity-mcp/Editor/Services/IServerManagementService.cs
  artifactKey: Guid(d41bfc9780b774affa6afbffd081eb79) Importer(2089858483,b0f066a214c2f5e87bad3c948f4d605d)
Start importing Packages/com.coplaydev.unity-mcp/Editor/Services/IServerManagementService.cs using Guid(d41bfc9780b774affa6afbffd081eb79) Importer(2089858483,b0f066a214c2f5e87bad3c948f4d605d) (ScriptedImporter) -> (artifact id: 'ff0ca4900416f427a258638bf4e0392d') in 0.001631333 seconds
Number of updated asset objects reloaded before import = 0Number of asset objects unloaded after import = 0

========================================================================
Received Import Request.
  Time since last request: 0.000072 seconds.
  path: Packages/com.coplaydev.unity-mcp/Runtime/Helpers/UnityFindObjectsCompat.cs
  artifactKey: Guid(7c3a9f12e4b60438d9a1c52ef8d07b3e) Importer(2089858483,b0f066a214c2f5e87bad3c948f4d605d)
Start importing Packages/com.coplaydev.unity-mcp/Runtime/Helpers/UnityFindObjectsCompat.cs using Guid(7c3a9f12e4b60438d9a1c52ef8d07b3e) Importer(2089858483,b0f066a214c2f5e87bad3c948f4d605d) (ScriptedImporter) -> (artifact id: '772b2cd5abe3208035496f5bd6defbb5') in 0.001521292 seconds
Number of updated asset objects reloaded before import = 0Number of asset objects unloaded after import = 0

========================================================================
Received Import Request.
  Time since last request: 0.000037 seconds.
  path: Packages/com.coplaydev.unity-mcp/Editor/Clients/Configurators/ClaudeCodeConfigurator.cs
  artifactKey: Guid(d0d22681fc594475db1c189f2d9abdf7) Importer(2089858483,b0f066a214c2f5e87bad3c948f4d605d)
Start importing Packages/com.coplaydev.unity-mcp/Editor/Clients/Configurators/ClaudeCodeConfigurator.cs using Guid(d0d22681fc594475db1c189f2d9abdf7) Importer(2089858483,b0f066a214c2f5e87bad3c948f4d605d) (ScriptedImporter) -> (artifact id: 'c768911ae877bc936b4115aacea4a76f') in 0.001650625 seconds
Number of updated asset objects reloaded before import = 0Number of asset objects unloaded after import = 0

========================================================================
Received Import Request.
  Time since last request: 0.000036 seconds.
  path: Packages/com.coplaydev.unity-mcp/Editor/Clients/Configurators/KiroConfigurator.cs
  artifactKey: Guid(e9b73ff071a6043dda1f2ec7d682ef71) Importer(2089858483,b0f066a214c2f5e87bad3c948f4d605d)
Start importing Packages/com.coplaydev.unity-mcp/Editor/Clients/Configurators/KiroConfigurator.cs using Guid(e9b73ff071a6043dda1f2ec7d682ef71) Importer(2089858483,b0f066a214c2f5e87bad3c948f4d605d) (ScriptedImporter) -> (artifact id: '424dbbbeb8788b2bedeaace6584f41e2') in 0.001592791 seconds
Number of updated asset objects reloaded before import = 0Number of asset objects unloaded after import = 0

========================================================================
Received Import Request.
  Time since last request: 0.000039 seconds.
  path: Packages/com.coplaydev.unity-mcp/Editor/Clients/Configurators/CursorConfigurator.cs
  artifactKey: Guid(b708eda314746481fb8f4a1fb0652b03) Importer(2089858483,b0f066a214c2f5e87bad3c948f4d605d)
Start importing Packages/com.coplaydev.unity-mcp/Editor/Clients/Configurators/CursorConfigurator.cs using Guid(b708eda314746481fb8f4a1fb0652b03) Importer(2089858483,b0f066a214c2f5e87bad3c948f4d605d) (ScriptedImporter) -> (artifact id: '558519a11b601aed190a9b321a1674ac') in 0.001783167 seconds
Number of updated asset objects reloaded before import = 0Number of asset objects unloaded after import = 0

========================================================================
Received Import Request.
  Time since last request: 0.000043 seconds.
  path: Packages/com.coplaydev.unity-mcp/Editor/Clients/Configurators/AntigravityIdeConfigurator.cs
  artifactKey: Guid(c74a24c69bb0481682d5e35731cba6b1) Importer(2089858483,b0f066a214c2f5e87bad3c948f4d605d)
Start importing Packages/com.coplaydev.unity-mcp/Editor/Clients/Configurators/AntigravityIdeConfigurator.cs using Guid(c74a24c69bb0481682d5e35731cba6b1) Importer(2089858483,b0f066a214c2f5e87bad3c948f4d605d) (ScriptedImporter) -> (artifact id: 'bfbed233a756673e7cb1cc1944bba105') in 0.0015465 seconds
Number of updated asset objects reloaded before import = 0Number of asset objects unloaded after import = 0

========================================================================
Received Import Request.
  Time since last request: 0.000035 seconds.
  path: Packages/com.coplaydev.unity-mcp/Editor/Tools/CommandRegistry.cs
  artifactKey: Guid(5b61b5a84813b5749a5c64422694a0fa) Importer(2089858483,b0f066a214c2f5e87bad3c948f4d605d)
Start importing Packages/com.coplaydev.unity-mcp/Editor/Tools/CommandRegistry.cs using Guid(5b61b5a84813b5749a5c64422694a0fa) Importer(2089858483,b0f066a214c2f5e87bad3c948f4d605d) (ScriptedImporter) -> (artifact id: '6b4a7377dc6dd8807d814cefa1b2d3dc') in 0.001670417 seconds
Number of updated asset objects reloaded before import = 0Number of asset objects unloaded after import = 0

========================================================================
Received Import Request.
  Time since last request: 0.000038 seconds.
  path: Packages/com.coplaydev.unity-mcp/Editor/Tools/GetTestJob.cs
  artifactKey: Guid(7f92c2b67a2c4b5c9d1a3c0e6f9b2d10) Importer(2089858483,b0f066a214c2f5e87bad3c948f4d605d)
Start importing Packages/com.coplaydev.unity-mcp/Editor/Tools/GetTestJob.cs using Guid(7f92c2b67a2c4b5c9d1a3c0e6f9b2d10) Importer(2089858483,b0f066a214c2f5e87bad3c948f4d605d) (ScriptedImporter) -> (artifact id: 'cbfea6bb3b787ac7af6086d788a6191b') in 0.001435041 seconds
Number of updated asset objects reloaded before import = 0Number of asset objects unloaded after import = 0

========================================================================
Received Import Request.
  Time since last request: 0.000067 seconds.
  path: Packages/com.coplaydev.unity-mcp/Editor/Services/IResourceDiscoveryService.cs
  artifactKey: Guid(7afb4739669224c74b4b4d706e6bbb49) Importer(2089858483,b0f066a214c2f5e87bad3c948f4d605d)
Start importing Packages/com.coplaydev.unity-mcp/Editor/Services/IResourceDiscoveryService.cs using Guid(7afb4739669224c74b4b4d706e6bbb49) Importer(2089858483,b0f066a214c2f5e87bad3c948f4d605d) (ScriptedImporter) -> (artifact id: 'c5a265c9e5a3734e23a6935e19cce95a') in 0.00146675 seconds
Number of updated asset objects reloaded before import = 0Number of asset objects unloaded after import = 0

========================================================================
Received Import Request.
  Time since last request: 0.000036 seconds.
  path: Packages/com.coplaydev.unity-mcp/Editor/Tools/ManagePackages.cs
  artifactKey: Guid(1a51e052ae3ba4242bd69448578405e1) Importer(2089858483,b0f066a214c2f5e87bad3c948f4d605d)
Start importing Packages/com.coplaydev.unity-mcp/Editor/Tools/ManagePackages.cs using Guid(1a51e052ae3ba4242bd69448578405e1) Importer(2089858483,b0f066a214c2f5e87bad3c948f4d605d) (ScriptedImporter) -> (artifact id: '5991bed0e4c6311582fc5d9df32b462e') in 0.001728542 seconds
Number of updated asset objects reloaded before import = 0Number of asset objects unloaded after import = 0

========================================================================
Received Import Request.
  Time since last request: 0.000066 seconds.
  path: Packages/com.coplaydev.unity-mcp/Editor/Dependencies/PlatformDetectors/LinuxPlatformDetector.cs
  artifactKey: Guid(b682b492eb80d4ed6834b76f72c9f0f3) Importer(2089858483,b0f066a214c2f5e87bad3c948f4d605d)
Start importing Packages/com.coplaydev.unity-mcp/Editor/Dependencies/PlatformDetectors/LinuxPlatformDetector.cs using Guid(b682b492eb80d4ed6834b76f72c9f0f3) Importer(2089858483,b0f066a214c2f5e87bad3c948f4d605d) (ScriptedImporter) -> (artifact id: 'b4e8428a13e97917439cccdba2fdd5d2') in 0.001441958 seconds
Number of updated asset objects reloaded before import = 0Number of asset objects unloaded after import = 0

========================================================================
Received Import Request.
  Time since last request: 0.000039 seconds.
  path: Packages/com.coplaydev.unity-mcp/Editor/Tools/ManageUI.cs
  artifactKey: Guid(bb1e64dc32d34f2b8e5fea7b17e73dab) Importer(2089858483,b0f066a214c2f5e87bad3c948f4d605d)
Start importing Packages/com.coplaydev.unity-mcp/Editor/Tools/ManageUI.cs using Guid(bb1e64dc32d34f2b8e5fea7b17e73dab) Importer(2089858483,b0f066a214c2f5e87bad3c948f4d605d) (ScriptedImporter) -> (artifact id: 'a4aa6e8cebba45d30a9c1cf47808e466') in 0.001478166 seconds
Number of updated asset objects reloaded before import = 0Number of asset objects unloaded after import = 0

========================================================================
Received Import Request.
  Time since last request: 0.000046 seconds.
  path: Packages/com.coplaydev.unity-mcp/Editor/Windows/MCPSetupWindow.cs
  artifactKey: Guid(62a298f9ec603ba489eaab14b97f1cea) Importer(2089858483,b0f066a214c2f5e87bad3c948f4d605d)
Start importing Packages/com.coplaydev.unity-mcp/Editor/Windows/MCPSetupWindow.cs using Guid(62a298f9ec603ba489eaab14b97f1cea) Importer(2089858483,b0f066a214c2f5e87bad3c948f4d605d) (ScriptedImporter) -> (artifact id: '578f6232294f50409c52e46ec0717090') in 0.00152525 seconds
Number of updated asset objects reloaded before import = 0Number of asset objects unloaded after import = 0

========================================================================
Received Import Request.
  Time since last request: 0.000035 seconds.
  path: Packages/com.coplaydev.unity-mcp/Editor/Tools/ManageScriptableObject.cs
  artifactKey: Guid(9e0bb5a8c1b24b7ea8bce09ce0a1f234) Importer(2089858483,b0f066a214c2f5e87bad3c948f4d605d)
Start importing Packages/com.coplaydev.unity-mcp/Editor/Tools/ManageScriptableObject.cs using Guid(9e0bb5a8c1b24b7ea8bce09ce0a1f234) Importer(2089858483,b0f066a214c2f5e87bad3c948f4d605d) (ScriptedImporter) -> (artifact id: '6e597f98424a58add20f8cb62109a7c5') in 0.001340541 seconds
Number of updated asset objects reloaded before import = 0Number of asset objects unloaded after import = 0

========================================================================
Received Import Request.
  Time since last request: 2.023455 seconds.
  path: Packages/com.coplaydev.unity-mcp/Editor/Resources/Editor/GetPrefabStage.cs
  artifactKey: Guid(2bbcba512cf6473184c038e6e3926136) Importer(2089858483,b0f066a214c2f5e87bad3c948f4d605d)
Start importing Packages/com.coplaydev.unity-mcp/Editor/Resources/Editor/GetPrefabStage.cs using Guid(2bbcba512cf6473184c038e6e3926136) Importer(2089858483,b0f066a214c2f5e87bad3c948f4d605d) (ScriptedImporter) -> (artifact id: '675a2ac426f39006f2e1026044ec199a') in 0.001341042 seconds
Number of updated asset objects reloaded before import = 0Number of asset objects unloaded after import = 0

========================================================================
Received Import Request.
  Time since last request: 0.000041 seconds.
  path: Packages/com.coplaydev.unity-mcp/Editor/Services/Transport/IMcpTransportClient.cs
  artifactKey: Guid(042446a50a4744170bb294acf827376f) Importer(2089858483,b0f066a214c2f5e87bad3c948f4d605d)
Start importing Packages/com.coplaydev.unity-mcp/Editor/Services/Transport/IMcpTransportClient.cs using Guid(042446a50a4744170bb294acf827376f) Importer(2089858483,b0f066a214c2f5e87bad3c948f4d605d) (ScriptedImporter) -> (artifact id: '81af1e43346da264cc13774b20232b3e') in 0.001349 seconds
Number of updated asset objects reloaded before import = 0Number of asset objects unloaded after import = 0

========================================================================
Received Import Request.
  Time since last request: 0.000031 seconds.
  path: Packages/com.coplaydev.unity-mcp/Editor/Security/SecureKeyStore/EncryptedFileKeyStore.cs
  artifactKey: Guid(be82d82467544ffa8bbc8c64a8020636) Importer(2089858483,b0f066a214c2f5e87bad3c948f4d605d)
Start importing Packages/com.coplaydev.unity-mcp/Editor/Security/SecureKeyStore/EncryptedFileKeyStore.cs using Guid(be82d82467544ffa8bbc8c64a8020636) Importer(2089858483,b0f066a214c2f5e87bad3c948f4d605d) (ScriptedImporter) -> (artifact id: 'b142c616886d629b3f5b699009ee8960') in 0.001508125 seconds
Number of updated asset objects reloaded before import = 0Number of asset objects unloaded after import = 0

========================================================================
Received Import Request.
  Time since last request: 0.000036 seconds.
  path: Packages/com.coplaydev.unity-mcp/Editor/Tools/Graphics/GraphicsHelpers.cs
  artifactKey: Guid(99e4b1a4aa03465ea2d55e2794537155) Importer(2089858483,b0f066a214c2f5e87bad3c948f4d605d)
Start importing Packages/com.coplaydev.unity-mcp/Editor/Tools/Graphics/GraphicsHelpers.cs using Guid(99e4b1a4aa03465ea2d55e2794537155) Importer(2089858483,b0f066a214c2f5e87bad3c948f4d605d) (ScriptedImporter) -> (artifact id: 'd43425ac9f89f81f1dca9bb468c93307') in 0.001273875 seconds
Number of updated asset objects reloaded before import = 0Number of asset objects unloaded after import = 0

========================================================================
Received Import Request.
  Time since last request: 0.000033 seconds.
  path: Packages/com.coplaydev.unity-mcp/Editor/Tools/Graphics/VolumeOps.cs
  artifactKey: Guid(f9cc9cf9a8664f5bbefa277a02e020fc) Importer(2089858483,b0f066a214c2f5e87bad3c948f4d605d)
Start importing Packages/com.coplaydev.unity-mcp/Editor/Tools/Graphics/VolumeOps.cs using Guid(f9cc9cf9a8664f5bbefa277a02e020fc) Importer(2089858483,b0f066a214c2f5e87bad3c948f4d605d) (ScriptedImporter) -> (artifact id: '3f76d4311e7655acd8888e7760ddbb4a') in 0.002156041 seconds
Number of updated asset objects reloaded before import = 0Number of asset objects unloaded after import = 0

========================================================================
Received Import Request.
  Time since last request: 0.000032 seconds.
  path: Packages/com.coplaydev.unity-mcp/Editor/Resources/Project/Layers.cs
  artifactKey: Guid(959ee428299454ac19a636275208ca00) Importer(2089858483,b0f066a214c2f5e87bad3c948f4d605d)
Start importing Packages/com.coplaydev.unity-mcp/Editor/Resources/Project/Layers.cs using Guid(959ee428299454ac19a636275208ca00) Importer(2089858483,b0f066a214c2f5e87bad3c948f4d605d) (ScriptedImporter) -> (artifact id: '58134fde3a3c5317c35da95bc52ae06a') in 0.000989917 seconds
Number of updated asset objects reloaded before import = 0Number of asset objects unloaded after import = 0

========================================================================
Received Import Request.
  Time since last request: 0.000039 seconds.
  path: Packages/com.coplaydev.unity-mcp/Editor/Tools/ProBuilder/ProBuilderMeshUtils.cs
  artifactKey: Guid(b4e2c8d5f6a74b9e0c3d2e1f4a5b6c7d) Importer(2089858483,b0f066a214c2f5e87bad3c948f4d605d)
Start importing Packages/com.coplaydev.unity-mcp/Editor/Tools/ProBuilder/ProBuilderMeshUtils.cs using Guid(b4e2c8d5f6a74b9e0c3d2e1f4a5b6c7d) Importer(2089858483,b0f066a214c2f5e87bad3c948f4d605d) (ScriptedImporter) -> (artifact id: '8a062f17ba880dcbb9fc1a95faf9b241') in 0.001415917 seconds
Number of updated asset objects reloaded before import = 0Number of asset objects unloaded after import = 0

========================================================================
Received Import Request.
  Time since last request: 0.000039 seconds.
  path: Packages/com.coplaydev.unity-mcp/Editor/Tools/Cameras/CameraConfigure.cs
  artifactKey: Guid(7a26286aeede4949844309a8a952b2b0) Importer(2089858483,b0f066a214c2f5e87bad3c948f4d605d)
Start importing Packages/com.coplaydev.unity-mcp/Editor/Tools/Cameras/CameraConfigure.cs using Guid(7a26286aeede4949844309a8a952b2b0) Importer(2089858483,b0f066a214c2f5e87bad3c948f4d605d) (ScriptedImporter) -> (artifact id: '30164d2ec7a9740947e7145d77d2b932') in 0.001291667 seconds
Number of updated asset objects reloaded before import = 0Number of asset objects unloaded after import = 0

========================================================================
Received Import Request.
  Time since last request: 0.000037 seconds.
  path: Packages/com.coplaydev.unity-mcp/Editor/Resources/Editor/Selection.cs
  artifactKey: Guid(c7ea869623e094599a70be086ab4fc0e) Importer(2089858483,b0f066a214c2f5e87bad3c948f4d605d)
Start importing Packages/com.coplaydev.unity-mcp/Editor/Resources/Editor/Selection.cs using Guid(c7ea869623e094599a70be086ab4fc0e) Importer(2089858483,b0f066a214c2f5e87bad3c948f4d605d) (ScriptedImporter) -> (artifact id: '48b0a7f0c23b983f880fff6bcb132d96') in 0.001527791 seconds
Number of updated asset objects reloaded before import = 0Number of asset objects unloaded after import = 0

========================================================================
Received Import Request.
  Time since last request: 0.000031 seconds.
  path: Packages/com.coplaydev.unity-mcp/Editor/Tools/GameObjects/GameObjectCreate.cs
  artifactKey: Guid(0931774a07e4b4626b4261dd8d0974c2) Importer(2089858483,b0f066a214c2f5e87bad3c948f4d605d)
Start importing Packages/com.coplaydev.unity-mcp/Editor/Tools/GameObjects/GameObjectCreate.cs using Guid(0931774a07e4b4626b4261dd8d0974c2) Importer(2089858483,b0f066a214c2f5e87bad3c948f4d605d) (ScriptedImporter) -> (artifact id: 'e0c13db36614bb321209a90cc7ff7c9b') in 0.001195625 seconds
Number of updated asset objects reloaded before import = 0Number of asset objects unloaded after import = 0

========================================================================
Received Import Request.
  Time since last request: 0.000039 seconds.
  path: Packages/com.coplaydev.unity-mcp/Editor/Resources/Scene/RendererFeaturesResource.cs
  artifactKey: Guid(91dffec0c5224fca9ea78f7d92bfc569) Importer(2089858483,b0f066a214c2f5e87bad3c948f4d605d)
Start importing Packages/com.coplaydev.unity-mcp/Editor/Resources/Scene/RendererFeaturesResource.cs using Guid(91dffec0c5224fca9ea78f7d92bfc569) Importer(2089858483,b0f066a214c2f5e87bad3c948f4d605d) (ScriptedImporter) -> (artifact id: 'bf201b4bbaa0023d6f7c6d39c3985a3c') in 0.001316667 seconds
Number of updated asset objects reloaded before import = 0Number of asset objects unloaded after import = 0

========================================================================
Received Import Request.
  Time since last request: 0.000031 seconds.
  path: Packages/com.coplaydev.unity-mcp/Editor/Tools/ProBuilder/ManageProBuilder.cs
  artifactKey: Guid(7e89d5c862a0468baa683348c1ceff31) Importer(2089858483,b0f066a214c2f5e87bad3c948f4d605d)
Start importing Packages/com.coplaydev.unity-mcp/Editor/Tools/ProBuilder/ManageProBuilder.cs using Guid(7e89d5c862a0468baa683348c1ceff31) Importer(2089858483,b0f066a214c2f5e87bad3c948f4d605d) (ScriptedImporter) -> (artifact id: 'e5d101eb8d257dba9c97161c857b81e2') in 0.001054291 seconds
Number of updated asset objects reloaded before import = 0Number of asset objects unloaded after import = 0

========================================================================
Received Import Request.
  Time since last request: 0.000057 seconds.
  path: Packages/com.coplaydev.unity-mcp/Editor/Tools/Animation/AnimatorControl.cs
  artifactKey: Guid(ac285365908a4fb39f775b2af5edc60b) Importer(2089858483,b0f066a214c2f5e87bad3c948f4d605d)
Start importing Packages/com.coplaydev.unity-mcp/Editor/Tools/Animation/AnimatorControl.cs using Guid(ac285365908a4fb39f775b2af5edc60b) Importer(2089858483,b0f066a214c2f5e87bad3c948f4d605d) (ScriptedImporter) -> (artifact id: 'b85feb4b3d65ee0912e0e1502563b0cb') in 0.00125775 seconds
Number of updated asset objects reloaded before import = 0Number of asset objects unloaded after import = 0

========================================================================
Received Import Request.
  Time since last request: 0.000033 seconds.
  path: Packages/com.coplaydev.unity-mcp/Editor/Security/SecureKeyStore/ISecureKeyStore.cs
  artifactKey: Guid(fc35b98fa68548c5ab34badae87b99d3) Importer(2089858483,b0f066a214c2f5e87bad3c948f4d605d)
Start importing Packages/com.coplaydev.unity-mcp/Editor/Security/SecureKeyStore/ISecureKeyStore.cs using Guid(fc35b98fa68548c5ab34badae87b99d3) Importer(2089858483,b0f066a214c2f5e87bad3c948f4d605d) (ScriptedImporter) -> (artifact id: '843a8d7575a443ddc004a5759f1f459c') in 0.001181625 seconds
Number of updated asset objects reloaded before import = 0Number of asset objects unloaded after import = 0

========================================================================
Received Import Request.
  Time since last request: 0.000033 seconds.
  path: Packages/com.coplaydev.unity-mcp/Editor/Tools/AssetGen/GenerateAudio.cs
  artifactKey: Guid(9ed859d728fc4de4b9d54b2dc23f3746) Importer(2089858483,b0f066a214c2f5e87bad3c948f4d605d)
Start importing Packages/com.coplaydev.unity-mcp/Editor/Tools/AssetGen/GenerateAudio.cs using Guid(9ed859d728fc4de4b9d54b2dc23f3746) Importer(2089858483,b0f066a214c2f5e87bad3c948f4d605d) (ScriptedImporter) -> (artifact id: '93bb4a74b95ad95c054c6194c1222e6e') in 0.001104375 seconds
Number of updated asset objects reloaded before import = 0Number of asset objects unloaded after import = 0

========================================================================
Received Import Request.
  Time since last request: 0.000033 seconds.
  path: Packages/com.coplaydev.unity-mcp/Editor/Tools/Physics/PhysicsValidationOps.cs
  artifactKey: Guid(c8f89b02582b41d698a21d5fa78c3806) Importer(2089858483,b0f066a214c2f5e87bad3c948f4d605d)
Start importing Packages/com.coplaydev.unity-mcp/Editor/Tools/Physics/PhysicsValidationOps.cs using Guid(c8f89b02582b41d698a21d5fa78c3806) Importer(2089858483,b0f066a214c2f5e87bad3c948f4d605d) (ScriptedImporter) -> (artifact id: '53db22f5a6265669cdd6003b0c17fca6') in 0.001096625 seconds
Number of updated asset objects reloaded before import = 0Number of asset objects unloaded after import = 0

========================================================================
Received Import Request.
  Time since last request: 0.000025 seconds.
  path: Packages/com.coplaydev.unity-mcp/Editor/Tools/Physics/PhysicsRigidbodyOps.cs
  artifactKey: Guid(0a1859cc8a9e4c8799fab7e911151227) Importer(2089858483,b0f066a214c2f5e87bad3c948f4d605d)
Start importing Packages/com.coplaydev.unity-mcp/Editor/Tools/Physics/PhysicsRigidbodyOps.cs using Guid(0a1859cc8a9e4c8799fab7e911151227) Importer(2089858483,b0f066a214c2f5e87bad3c948f4d605d) (ScriptedImporter) -> (artifact id: 'ff2195dfd0edd3e4106c3fc4413459eb') in 0.001076875 seconds
Number of updated asset objects reloaded before import = 0Number of asset objects unloaded after import = 0

========================================================================
Received Import Request.
  Time since last request: 0.000035 seconds.
  path: Packages/com.coplaydev.unity-mcp/Editor/Resources/Project/Tags.cs
  artifactKey: Guid(2179ac5d98f264d1681e7d5c0d0ed341) Importer(2089858483,b0f066a214c2f5e87bad3c948f4d605d)
Start importing Packages/com.coplaydev.unity-mcp/Editor/Resources/Project/Tags.cs using Guid(2179ac5d98f264d1681e7d5c0d0ed341) Importer(2089858483,b0f066a214c2f5e87bad3c948f4d605d) (ScriptedImporter) -> (artifact id: '3f6af712799dfdb6c79eb8540d49dd81') in 0.001122291 seconds
Number of updated asset objects reloaded before import = 0Number of asset objects unloaded after import = 0

========================================================================
Received Import Request.
  Time since last request: 0.000030 seconds.
  path: Packages/com.coplaydev.unity-mcp/Editor/Tools/Cameras/CameraCreate.cs
  artifactKey: Guid(a849a1ac03d245fe823e4c02b9e722d5) Importer(2089858483,b0f066a214c2f5e87bad3c948f4d605d)
Start importing Packages/com.coplaydev.unity-mcp/Editor/Tools/Cameras/CameraCreate.cs using Guid(a849a1ac03d245fe823e4c02b9e722d5) Importer(2089858483,b0f066a214c2f5e87bad3c948f4d605d) (ScriptedImporter) -> (artifact id: '78d517bfeae45bb6ebce008060aaf2a9') in 0.001228667 seconds
Number of updated asset objects reloaded before import = 0Number of asset objects unloaded after import = 0

========================================================================
Received Import Request.
  Time since last request: 0.000029 seconds.
  path: Packages/com.coplaydev.unity-mcp/Editor/Security/SecureKeyStore/SecureKeyStoreConstants.cs
  artifactKey: Guid(59ac5388ff204ea99427dfab8a0370f0) Importer(2089858483,b0f066a214c2f5e87bad3c948f4d605d)
Start importing Packages/com.coplaydev.unity-mcp/Editor/Security/SecureKeyStore/SecureKeyStoreConstants.cs using Guid(59ac5388ff204ea99427dfab8a0370f0) Importer(2089858483,b0f066a214c2f5e87bad3c948f4d605d) (ScriptedImporter) -> (artifact id: 'a8ff16b38eacb0fb67fbba5453b570d9') in 0.001229416 seconds
Number of updated asset objects reloaded before import = 0Number of asset objects unloaded after import = 0

========================================================================
Received Import Request.
  Time since last request: 0.000034 seconds.
  path: Packages/com.coplaydev.unity-mcp/Editor/Services/Transport/TransportState.cs
  artifactKey: Guid(67ab8e43f6a804698bb5b216cdef0645) Importer(2089858483,b0f066a214c2f5e87bad3c948f4d605d)
Start importing Packages/com.coplaydev.unity-mcp/Editor/Services/Transport/TransportState.cs using Guid(67ab8e43f6a804698bb5b216cdef0645) Importer(2089858483,b0f066a214c2f5e87bad3c948f4d605d) (ScriptedImporter) -> (artifact id: '85f9381c4a57c7035f904dcce6e63a42') in 0.00115975 seconds
Number of updated asset objects reloaded before import = 0Number of asset objects unloaded after import = 0

========================================================================
Received Import Request.
  Time since last request: 0.000033 seconds.
  path: Packages/com.coplaydev.unity-mcp/Editor/Tools/GameObjects/ComponentResolver.cs
  artifactKey: Guid(f5e5a46bdebc040c68897fa4b5e689c7) Importer(2089858483,b0f066a214c2f5e87bad3c948f4d605d)
Start importing Packages/com.coplaydev.unity-mcp/Editor/Tools/GameObjects/ComponentResolver.cs using Guid(f5e5a46bdebc040c68897fa4b5e689c7) Importer(2089858483,b0f066a214c2f5e87bad3c948f4d605d) (ScriptedImporter) -> (artifact id: '54decc666903c557e60c0659573d00b9') in 0.001187083 seconds
Number of updated asset objects reloaded before import = 0Number of asset objects unloaded after import = 0

========================================================================
Received Import Request.
  Time since last request: 0.000032 seconds.
  path: Packages/com.coplaydev.unity-mcp/Editor/Tools/AssetGen/GenerateImage.cs
  artifactKey: Guid(a5e03ff5e4e040959fedaac555752094) Importer(2089858483,b0f066a214c2f5e87bad3c948f4d605d)
Start importing Packages/com.coplaydev.unity-mcp/Editor/Tools/AssetGen/GenerateImage.cs using Guid(a5e03ff5e4e040959fedaac555752094) Importer(2089858483,b0f066a214c2f5e87bad3c948f4d605d) (ScriptedImporter) -> (artifact id: '945532539c6be37839e5d78fee7f8f84') in 0.001170375 seconds
Number of updated asset objects reloaded before import = 0Number of asset objects unloaded after import = 0

========================================================================
Received Import Request.
  Time since last request: 0.000035 seconds.
  path: Packages/com.coplaydev.unity-mcp/Editor/Security/SecureKeyStore/LinuxSecretToolKeyStore.cs
  artifactKey: Guid(eddf52a01df445629b408e5a7593356e) Importer(2089858483,b0f066a214c2f5e87bad3c948f4d605d)
Start importing Packages/com.coplaydev.unity-mcp/Editor/Security/SecureKeyStore/LinuxSecretToolKeyStore.cs using Guid(eddf52a01df445629b408e5a7593356e) Importer(2089858483,b0f066a214c2f5e87bad3c948f4d605d) (ScriptedImporter) -> (artifact id: '76ff7e72d1290856455732d12583f831') in 0.001170166 seconds
Number of updated asset objects reloaded before import = 0Number of asset objects unloaded after import = 0

========================================================================
Received Import Request.
  Time since last request: 0.000034 seconds.
  path: Packages/com.coplaydev.unity-mcp/Editor/Tools/Vfx/LineRead.cs
  artifactKey: Guid(df77cf0ca14344b0cb2f1b84c5eb15e7) Importer(2089858483,b0f066a214c2f5e87bad3c948f4d605d)
Start importing Packages/com.coplaydev.unity-mcp/Editor/Tools/Vfx/LineRead.cs using Guid(df77cf0ca14344b0cb2f1b84c5eb15e7) Importer(2089858483,b0f066a214c2f5e87bad3c948f4d605d) (ScriptedImporter) -> (artifact id: '2bcbdb7509a18fa28d9a71f1556ac3d0') in 0.001117875 seconds
Number of updated asset objects reloaded before import = 0Number of asset objects unloaded after import = 0

========================================================================
Received Import Request.
  Time since last request: 0.000030 seconds.
  path: Packages/com.coplaydev.unity-mcp/Editor/Tools/Physics/ManagePhysics.cs
  artifactKey: Guid(424786337ed3467e833bef1881138a37) Importer(2089858483,b0f066a214c2f5e87bad3c948f4d605d)
Start importing Packages/com.coplaydev.unity-mcp/Editor/Tools/Physics/ManagePhysics.cs using Guid(424786337ed3467e833bef1881138a37) Importer(2089858483,b0f066a214c2f5e87bad3c948f4d605d) (ScriptedImporter) -> (artifact id: '9a1ed55863f0d997ba12e0a271f20b87') in 0.001253167 seconds
Number of updated asset objects reloaded before import = 0Number of asset objects unloaded after import = 0

========================================================================
Received Import Request.
  Time since last request: 0.000031 seconds.
  path: Packages/com.coplaydev.unity-mcp/Editor/Security/SecureKeyStore/SecretRedactor.cs
  artifactKey: Guid(08d3717562bc41cca65e51e8eb165084) Importer(2089858483,b0f066a214c2f5e87bad3c948f4d605d)
Start importing Packages/com.coplaydev.unity-mcp/Editor/Security/SecureKeyStore/SecretRedactor.cs using Guid(08d3717562bc41cca65e51e8eb165084) Importer(2089858483,b0f066a214c2f5e87bad3c948f4d605d) (ScriptedImporter) -> (artifact id: 'a6ae4ffb804537112b7b11df930567c0') in 0.001232958 seconds
Number of updated asset objects reloaded before import = 0Number of asset objects unloaded after import = 0

========================================================================
Received Import Request.
  Time since last request: 0.000031 seconds.
  path: Packages/com.coplaydev.unity-mcp/Editor/Tools/Physics/PhysicsMaterialOps.cs
  artifactKey: Guid(1397b3a4fc984774adf5ae6da58b7491) Importer(2089858483,b0f066a214c2f5e87bad3c948f4d605d)
Start importing Packages/com.coplaydev.unity-mcp/Editor/Tools/Physics/PhysicsMaterialOps.cs using Guid(1397b3a4fc984774adf5ae6da58b7491) Importer(2089858483,b0f066a214c2f5e87bad3c948f4d605d) (ScriptedImporter) -> (artifact id: '9fea90ef2210e7375e55cb1d30152008') in 0.001169709 seconds
Number of updated asset objects reloaded before import = 0Number of asset objects unloaded after import = 0

========================================================================
Received Import Request.
  Time since last request: 0.000029 seconds.
  path: Packages/com.coplaydev.unity-mcp/Editor/Tools/Physics/CollisionMatrixOps.cs
  artifactKey: Guid(9e370f7d6d864ffa847e821deaa6aee5) Importer(2089858483,b0f066a214c2f5e87bad3c948f4d605d)
Start importing Packages/com.coplaydev.unity-mcp/Editor/Tools/Physics/CollisionMatrixOps.cs using Guid(9e370f7d6d864ffa847e821deaa6aee5) Importer(2089858483,b0f066a214c2f5e87bad3c948f4d605d) (ScriptedImporter) -> (artifact id: 'c3f83cfc05eff572a227b0805d4701c4') in 0.00112775 seconds
Number of updated asset objects reloaded before import = 0Number of asset objects unloaded after import = 0

========================================================================
Received Import Request.
  Time since last request: 0.000034 seconds.
  path: Packages/com.coplaydev.unity-mcp/Editor/Tools/AssetGen/ImportModel.cs
  artifactKey: Guid(294fabfc32d2417ba2d6274ebcf3eb4b) Importer(2089858483,b0f066a214c2f5e87bad3c948f4d605d)
Start importing Packages/com.coplaydev.unity-mcp/Editor/Tools/AssetGen/ImportModel.cs using Guid(294fabfc32d2417ba2d6274ebcf3eb4b) Importer(2089858483,b0f066a214c2f5e87bad3c948f4d605d) (ScriptedImporter) -> (artifact id: '23ffd7ff64c074d651b2cd50326778b6') in 0.001202667 seconds
Number of updated asset objects reloaded before import = 0Number of asset objects unloaded after import = 0

========================================================================
Received Import Request.
  Time since last request: 0.000025 seconds.
  path: Packages/com.coplaydev.unity-mcp/Editor/Tools/Animation/ClipCreate.cs
  artifactKey: Guid(d7513801696d4b16b906561009481548) Importer(2089858483,b0f066a214c2f5e87bad3c948f4d605d)
Start importing Packages/com.coplaydev.unity-mcp/Editor/Tools/Animation/ClipCreate.cs using Guid(d7513801696d4b16b906561009481548) Importer(2089858483,b0f066a214c2f5e87bad3c948f4d605d) (ScriptedImporter) -> (artifact id: '86b2430911a54c77692df2c76e8f2b81') in 0.001152875 seconds
Number of updated asset objects reloaded before import = 0Number of asset objects unloaded after import = 0

========================================================================
Received Import Request.
  Time since last request: 0.000033 seconds.
  path: Packages/com.coplaydev.unity-mcp/Editor/Tools/Cameras/CameraHelpers.cs
  artifactKey: Guid(9664df00dcfa4a22b45ffa104bf29e46) Importer(2089858483,b0f066a214c2f5e87bad3c948f4d605d)
Start importing Packages/com.coplaydev.unity-mcp/Editor/Tools/Cameras/CameraHelpers.cs using Guid(9664df00dcfa4a22b45ffa104bf29e46) Importer(2089858483,b0f066a214c2f5e87bad3c948f4d605d) (ScriptedImporter) -> (artifact id: '53cbd23e0233169289eb8815109b5728') in 0.001333083 seconds
Number of updated asset objects reloaded before import = 0Number of asset objects unloaded after import = 0

========================================================================
Received Import Request.
  Time since last request: 0.000035 seconds.
  path: Packages/com.coplaydev.unity-mcp/Editor/Services/Transport/TransportManager.cs
  artifactKey: Guid(65fc8ff4c9efb4fc98a0910ba7ca8b02) Importer(2089858483,b0f066a214c2f5e87bad3c948f4d605d)
Start importing Packages/com.coplaydev.unity-mcp/Editor/Services/Transport/TransportManager.cs using Guid(65fc8ff4c9efb4fc98a0910ba7ca8b02) Importer(2089858483,b0f066a214c2f5e87bad3c948f4d605d) (ScriptedImporter) -> (artifact id: '9b79ef148efe11186f4ea2fc99c3983f') in 0.001236375 seconds
Number of updated asset objects reloaded before import = 0Number of asset objects unloaded after import = 0

========================================================================
Received Import Request.
  Time since last request: 0.000038 seconds.
  path: Packages/com.coplaydev.unity-mcp/Editor/Tools/Cameras/CameraControl.cs
  artifactKey: Guid(6644251762504798895ef138ff182d29) Importer(2089858483,b0f066a214c2f5e87bad3c948f4d605d)
Start importing Packages/com.coplaydev.unity-mcp/Editor/Tools/Cameras/CameraControl.cs using Guid(6644251762504798895ef138ff182d29) Importer(2089858483,b0f066a214c2f5e87bad3c948f4d605d) (ScriptedImporter) -> (artifact id: 'ddcd4428e2626854e4ab382f32eb34e2') in 0.001207292 seconds
Number of updated asset objects reloaded before import = 0Number of asset objects unloaded after import = 0

========================================================================
Received Import Request.
  Time since last request: 0.000027 seconds.
  path: Packages/com.coplaydev.unity-mcp/Editor/Services/Transport/TransportCommandDispatcher.cs
  artifactKey: Guid(27407cc9c1ea0412d80b9f8964a5a29d) Importer(2089858483,b0f066a214c2f5e87bad3c948f4d605d)
Start importing Packages/com.coplaydev.unity-mcp/Editor/Services/Transport/TransportCommandDispatcher.cs using Guid(27407cc9c1ea0412d80b9f8964a5a29d) Importer(2089858483,b0f066a214c2f5e87bad3c948f4d605d) (ScriptedImporter) -> (artifact id: 'aa412d3e3e137e34525f950de9866faf') in 0.00111625 seconds
Number of updated asset objects reloaded before import = 0Number of asset objects unloaded after import = 0

========================================================================
Received Import Request.
  Time since last request: 0.000032 seconds.
  path: Packages/com.coplaydev.unity-mcp/Editor/Services/Server/ITerminalLauncher.cs
  artifactKey: Guid(a5990e868c0cd4999858ce1c1a2defed) Importer(2089858483,b0f066a214c2f5e87bad3c948f4d605d)
Start importing Packages/com.coplaydev.unity-mcp/Editor/Services/Server/ITerminalLauncher.cs using Guid(a5990e868c0cd4999858ce1c1a2defed) Importer(2089858483,b0f066a214c2f5e87bad3c948f4d605d) (ScriptedImporter) -> (artifact id: 'ee6819f747bae0a85b739dbfd395aade') in 0.001225667 seconds
Number of updated asset objects reloaded before import = 0Number of asset objects unloaded after import = 0

========================================================================
Received Import Request.
  Time since last request: 0.000023 seconds.
  path: Packages/com.coplaydev.unity-mcp/Editor/Tools/GameObjects/GameObjectComponentHelpers.cs
  artifactKey: Guid(b580af06e2d3a4788960f3f779edac54) Importer(2089858483,b0f066a214c2f5e87bad3c948f4d605d)
Start importing Packages/com.coplaydev.unity-mcp/Editor/Tools/GameObjects/GameObjectComponentHelpers.cs using Guid(b580af06e2d3a4788960f3f779edac54) Importer(2089858483,b0f066a214c2f5e87bad3c948f4d605d) (ScriptedImporter) -> (artifact id: '58f02613b231c44db238d3cd7bb1d2a5') in 0.001125084 seconds
Number of updated asset objects reloaded before import = 0Number of asset objects unloaded after import = 0

========================================================================
Received Import Request.
  Time since last request: 0.000032 seconds.
  path: Packages/com.coplaydev.unity-mcp/Editor/Services/Server/IProcessTerminator.cs
  artifactKey: Guid(6a55c18e08b534afa85654410da8a463) Importer(2089858483,b0f066a214c2f5e87bad3c948f4d605d)
Start importing Packages/com.coplaydev.unity-mcp/Editor/Services/Server/IProcessTerminator.cs using Guid(6a55c18e08b534afa85654410da8a463) Importer(2089858483,b0f066a214c2f5e87bad3c948f4d605d) (ScriptedImporter) -> (artifact id: 'f34e596afd1b2610b7aa4ec7f4e53e88') in 0.001220958 seconds
Number of updated asset objects reloaded before import = 0Number of asset objects unloaded after import = 0

========================================================================
Received Import Request.
  Time since last request: 0.000032 seconds.
  path: Packages/com.coplaydev.unity-mcp/Editor/Tools/Animation/ControllerLayers.cs
  artifactKey: Guid(a7c3e9f1d42b4a6e8f5d0c3b7e9a1f4d) Importer(2089858483,b0f066a214c2f5e87bad3c948f4d605d)
Start importing Packages/com.coplaydev.unity-mcp/Editor/Tools/Animation/ControllerLayers.cs using Guid(a7c3e9f1d42b4a6e8f5d0c3b7e9a1f4d) Importer(2089858483,b0f066a214c2f5e87bad3c948f4d605d) (ScriptedImporter) -> (artifact id: 'd040451a394a400b309c372e076dc3b0') in 0.001199916 seconds
Number of updated asset objects reloaded before import = 0Number of asset objects unloaded after import = 0

========================================================================
Received Import Request.
  Time since last request: 0.000034 seconds.
  path: Packages/com.coplaydev.unity-mcp/Editor/Tools/Animation/ManageAnimation.cs
  artifactKey: Guid(13c8f20dbd31461796f64c421b0a1239) Importer(2089858483,b0f066a214c2f5e87bad3c948f4d605d)
Start importing Packages/com.coplaydev.unity-mcp/Editor/Tools/Animation/ManageAnimation.cs using Guid(13c8f20dbd31461796f64c421b0a1239) Importer(2089858483,b0f066a214c2f5e87bad3c948f4d605d) (ScriptedImporter) -> (artifact id: 'e5dae05cf0aeb5b9138bcab346c19cde') in 0.002199792 seconds
Number of updated asset objects reloaded before import = 0Number of asset objects unloaded after import = 0

========================================================================
Received Import Request.
  Time since last request: 0.000035 seconds.
  path: Packages/com.coplaydev.unity-mcp/Editor/Tools/Build/BuildRunner.cs
  artifactKey: Guid(9e1fff59ee9947f49ad112a9403b11df) Importer(2089858483,b0f066a214c2f5e87bad3c948f4d605d)
Start importing Packages/com.coplaydev.unity-mcp/Editor/Tools/Build/BuildRunner.cs using Guid(9e1fff59ee9947f49ad112a9403b11df) Importer(2089858483,b0f066a214c2f5e87bad3c948f4d605d) (ScriptedImporter) -> (artifact id: 'bcc3356616ae169c5ca771756c42b471') in 0.00137075 seconds
Number of updated asset objects reloaded before import = 0Number of asset objects unloaded after import = 0

========================================================================
Received Import Request.
  Time since last request: 0.000032 seconds.
  path: Packages/com.coplaydev.unity-mcp/Editor/Services/Server/TerminalLauncher.cs
  artifactKey: Guid(d9693a18d706548b3aae28ea87f1ed08) Importer(2089858483,b0f066a214c2f5e87bad3c948f4d605d)
Start importing Packages/com.coplaydev.unity-mcp/Editor/Services/Server/TerminalLauncher.cs using Guid(d9693a18d706548b3aae28ea87f1ed08) Importer(2089858483,b0f066a214c2f5e87bad3c948f4d605d) (ScriptedImporter) -> (artifact id: 'afab08d22233218b9e5ff71de5ebac8c') in 0.001106292 seconds
Number of updated asset objects reloaded before import = 0Number of asset objects unloaded after import = 0

========================================================================
Received Import Request.
  Time since last request: 0.000031 seconds.
  path: Packages/com.coplaydev.unity-mcp/Editor/Resources/Scene/RenderingStatsResource.cs
  artifactKey: Guid(a6c0a7ee8d9443a9aec534f04dbee225) Importer(2089858483,b0f066a214c2f5e87bad3c948f4d605d)
Start importing Packages/com.coplaydev.unity-mcp/Editor/Resources/Scene/RenderingStatsResource.cs using Guid(a6c0a7ee8d9443a9aec534f04dbee225) Importer(2089858483,b0f066a214c2f5e87bad3c948f4d605d) (ScriptedImporter) -> (artifact id: 'f15aec6fbd7bfcaa3aac99266d76c4c9') in 0.001370125 seconds
Number of updated asset objects reloaded before import = 0Number of asset objects unloaded after import = 0

========================================================================
Received Import Request.
  Time since last request: 0.000029 seconds.
  path: Packages/com.coplaydev.unity-mcp/Editor/Services/Server/IServerCommandBuilder.cs
  artifactKey: Guid(12e80005e3f5b45239c48db981675ccf) Importer(2089858483,b0f066a214c2f5e87bad3c948f4d605d)
Start importing Packages/com.coplaydev.unity-mcp/Editor/Services/Server/IServerCommandBuilder.cs using Guid(12e80005e3f5b45239c48db981675ccf) Importer(2089858483,b0f066a214c2f5e87bad3c948f4d605d) (ScriptedImporter) -> (artifact id: 'b1ec1fdaf85fe429f86f2b24c0cc88ed') in 0.001214166 seconds
Number of updated asset objects reloaded before import = 0Number of asset objects unloaded after import = 0

========================================================================
Received Import Request.
  Time since last request: 0.000041 seconds.
  path: Packages/com.coplaydev.unity-mcp/Editor/Services/AssetGen/AssetGenJobManager.cs
  artifactKey: Guid(1955ee1b47384a8a880f00d384fff433) Importer(2089858483,b0f066a214c2f5e87bad3c948f4d605d)
Start importing Packages/com.coplaydev.unity-mcp/Editor/Services/AssetGen/AssetGenJobManager.cs using Guid(1955ee1b47384a8a880f00d384fff433) Importer(2089858483,b0f066a214c2f5e87bad3c948f4d605d) (ScriptedImporter) -> (artifact id: 'c6ae0225d9aa03dcfad4590cf9f5cd8f') in 0.001209042 seconds
Number of updated asset objects reloaded before import = 0Number of asset objects unloaded after import = 0

========================================================================
Received Import Request.
  Time since last request: 0.000032 seconds.
  path: Packages/com.coplaydev.unity-mcp/Editor/Tools/Build/BuildTargetMapping.cs
  artifactKey: Guid(c338ede07ac74e0ab9db99a1ac8c1a87) Importer(2089858483,b0f066a214c2f5e87bad3c948f4d605d)
Start importing Packages/com.coplaydev.unity-mcp/Editor/Tools/Build/BuildTargetMapping.cs using Guid(c338ede07ac74e0ab9db99a1ac8c1a87) Importer(2089858483,b0f066a214c2f5e87bad3c948f4d605d) (ScriptedImporter) -> (artifact id: '36c644552bb5f31af824ace2db6430d1') in 0.001218 seconds
Number of updated asset objects reloaded before import = 0Number of asset objects unloaded after import = 0

========================================================================
Received Import Request.
  Time since last request: 0.000032 seconds.
  path: Packages/com.coplaydev.unity-mcp/Editor/Tools/Physics/JointOps.cs
  artifactKey: Guid(4e4c834ed54144f8bc1f8cb657209926) Importer(2089858483,b0f066a214c2f5e87bad3c948f4d605d)
Start importing Packages/com.coplaydev.unity-mcp/Editor/Tools/Physics/JointOps.cs using Guid(4e4c834ed54144f8bc1f8cb657209926) Importer(2089858483,b0f066a214c2f5e87bad3c948f4d605d) (ScriptedImporter) -> (artifact id: '1c62f5382f8e657dc3e5ed1c651501de') in 0.001201375 seconds
Number of updated asset objects reloaded before import = 0Number of asset objects unloaded after import = 0

========================================================================
Received Import Request.
  Time since last request: 0.000034 seconds.
  path: Packages/com.coplaydev.unity-mcp/Editor/Tools/Physics/PhysicsSimulationOps.cs
  artifactKey: Guid(3c92b5fa2cfa491fb3d27996d0253617) Importer(2089858483,b0f066a214c2f5e87bad3c948f4d605d)
Start importing Packages/com.coplaydev.unity-mcp/Editor/Tools/Physics/PhysicsSimulationOps.cs using Guid(3c92b5fa2cfa491fb3d27996d0253617) Importer(2089858483,b0f066a214c2f5e87bad3c948f4d605d) (ScriptedImporter) -> (artifact id: '5981a3a656d8f1b70c6b42860d225028') in 0.001157875 seconds
Number of updated asset objects reloaded before import = 0Number of asset objects unloaded after import = 0

========================================================================
Received Import Request.
  Time since last request: 0.000034 seconds.
  path: Packages/com.coplaydev.unity-mcp/Editor/Tools/Graphics/RendererFeatureOps.cs
  artifactKey: Guid(5a75368a2f6b478fbaa88a36c677b5af) Importer(2089858483,b0f066a214c2f5e87bad3c948f4d605d)
Start importing Packages/com.coplaydev.unity-mcp/Editor/Tools/Graphics/RendererFeatureOps.cs using Guid(5a75368a2f6b478fbaa88a36c677b5af) Importer(2089858483,b0f066a214c2f5e87bad3c948f4d605d) (ScriptedImporter) -> (artifact id: 'de3f02e10a7ae61c4530d1ff1e40b3a9') in 0.001121792 seconds
Number of updated asset objects reloaded before import = 0Number of asset objects unloaded after import = 0

========================================================================
Received Import Request.
  Time since last request: 0.000032 seconds.
  path: Packages/com.coplaydev.unity-mcp/Editor/Tools/Physics/PhysicsQueryOps.cs
  artifactKey: Guid(0ff935d0645248f795cd0fa73e784be3) Importer(2089858483,b0f066a214c2f5e87bad3c948f4d605d)
Start importing Packages/com.coplaydev.unity-mcp/Editor/Tools/Physics/PhysicsQueryOps.cs using Guid(0ff935d0645248f795cd0fa73e784be3) Importer(2089858483,b0f066a214c2f5e87bad3c948f4d605d) (ScriptedImporter) -> (artifact id: 'ffaadca6394ac9b7e8465d5d495e7aa2') in 0.001250916 seconds
Number of updated asset objects reloaded before import = 0Number of asset objects unloaded after import = 0

========================================================================
Received Import Request.
  Time since last request: 0.000032 seconds.
  path: Packages/com.coplaydev.unity-mcp/Editor/Tools/Animation/AnimatorRead.cs
  artifactKey: Guid(66c604dff493453da1bc8cb6032ebf35) Importer(2089858483,b0f066a214c2f5e87bad3c948f4d605d)
Start importing Packages/com.coplaydev.unity-mcp/Editor/Tools/Animation/AnimatorRead.cs using Guid(66c604dff493453da1bc8cb6032ebf35) Importer(2089858483,b0f066a214c2f5e87bad3c948f4d605d) (ScriptedImporter) -> (artifact id: '0ba18308caf533487e3714c73d045852') in 0.001218375 seconds
Number of updated asset objects reloaded before import = 0Number of asset objects unloaded after import = 0

========================================================================
Received Import Request.
  Time since last request: 2.193563 seconds.
  path: Packages/com.coplaydev.unity-mcp/Editor/Tools/Vfx/ParticleControl.cs
  artifactKey: Guid(04e1bfb655f184337943edd5a3fbbcdb) Importer(2089858483,b0f066a214c2f5e87bad3c948f4d605d)
Start importing Packages/com.coplaydev.unity-mcp/Editor/Tools/Vfx/ParticleControl.cs using Guid(04e1bfb655f184337943edd5a3fbbcdb) Importer(2089858483,b0f066a214c2f5e87bad3c948f4d605d) (ScriptedImporter) -> (artifact id: '0fd671f8189dea7dada471777e26bc60') in 0.001504958 seconds
Number of updated asset objects reloaded before import = 0Number of asset objects unloaded after import = 0

========================================================================
Received Import Request.
  Time since last request: 0.000054 seconds.
  path: Packages/com.coplaydev.unity-mcp/Editor/Services/AssetGen/Import/ImageImportPipeline.cs
  artifactKey: Guid(5088530e3bc348e1b6539464588bc8bf) Importer(2089858483,b0f066a214c2f5e87bad3c948f4d605d)
Start importing Packages/com.coplaydev.unity-mcp/Editor/Services/AssetGen/Import/ImageImportPipeline.cs using Guid(5088530e3bc348e1b6539464588bc8bf) Importer(2089858483,b0f066a214c2f5e87bad3c948f4d605d) (ScriptedImporter) -> (artifact id: 'd78113ac4def60d04b1c62246746ee05') in 0.001607166 seconds
Number of updated asset objects reloaded before import = 0Number of asset objects unloaded after import = 0

========================================================================
Received Import Request.
  Time since last request: 0.000034 seconds.
  path: Packages/com.coplaydev.unity-mcp/Editor/Services/AssetGen/Http/HttpRequestSpec.cs
  artifactKey: Guid(82093efd40c44dc3bd83e481484ef827) Importer(2089858483,b0f066a214c2f5e87bad3c948f4d605d)
Start importing Packages/com.coplaydev.unity-mcp/Editor/Services/AssetGen/Http/HttpRequestSpec.cs using Guid(82093efd40c44dc3bd83e481484ef827) Importer(2089858483,b0f066a214c2f5e87bad3c948f4d605d) (ScriptedImporter) -> (artifact id: 'a2415e58d2af578b6246d8915c974494') in 0.00136375 seconds
Number of updated asset objects reloaded before import = 0Number of asset objects unloaded after import = 0

========================================================================
Received Import Request.
  Time since last request: 0.000049 seconds.
  path: Packages/com.coplaydev.unity-mcp/Editor/Services/AssetGen/Providers/LocalImage.cs
  artifactKey: Guid(1f8290c406df4661b9ad2ff6cd324871) Importer(2089858483,b0f066a214c2f5e87bad3c948f4d605d)
Start importing Packages/com.coplaydev.unity-mcp/Editor/Services/AssetGen/Providers/LocalImage.cs using Guid(1f8290c406df4661b9ad2ff6cd324871) Importer(2089858483,b0f066a214c2f5e87bad3c948f4d605d) (ScriptedImporter) -> (artifact id: 'e7aec1c6a536b994621457a41756b616') in 0.001410208 seconds
Number of updated asset objects reloaded before import = 0Number of asset objects unloaded after import = 0

========================================================================
Received Import Request.
  Time since last request: 0.000033 seconds.
  path: Packages/com.coplaydev.unity-mcp/Editor/Tools/Vfx/TrailRead.cs
  artifactKey: Guid(2921f0042777b4ebbaec4c79c60908a1) Importer(2089858483,b0f066a214c2f5e87bad3c948f4d605d)
Start importing Packages/com.coplaydev.unity-mcp/Editor/Tools/Vfx/TrailRead.cs using Guid(2921f0042777b4ebbaec4c79c60908a1) Importer(2089858483,b0f066a214c2f5e87bad3c948f4d605d) (ScriptedImporter) -> (artifact id: 'dd4898404ceda100949074d9fbeeac7a') in 0.001575292 seconds
Number of updated asset objects reloaded before import = 0Number of asset objects unloaded after import = 0

========================================================================
Received Import Request.
  Time since last request: 0.000041 seconds.
  path: Packages/com.coplaydev.unity-mcp/Editor/Tools/Profiler/Operations/FrameTimingOps.cs
  artifactKey: Guid(aace6e3da2222164298de24af50cab3b) Importer(2089858483,b0f066a214c2f5e87bad3c948f4d605d)
Start importing Packages/com.coplaydev.unity-mcp/Editor/Tools/Profiler/Operations/FrameTimingOps.cs using Guid(aace6e3da2222164298de24af50cab3b) Importer(2089858483,b0f066a214c2f5e87bad3c948f4d605d) (ScriptedImporter) -> (artifact id: '070bbab8abf363ea8299901b5494ef39') in 0.001219791 seconds
Number of updated asset objects reloaded before import = 0Number of asset objects unloaded after import = 0

========================================================================
Received Import Request.
  Time since last request: 0.000035 seconds.
  path: Packages/com.coplaydev.unity-mcp/Editor/Windows/Components/Tools/McpToolsSection.cs
  artifactKey: Guid(c6b3eaf7efb642e89b9b9548458f72d6) Importer(2089858483,b0f066a214c2f5e87bad3c948f4d605d)
Start importing Packages/com.coplaydev.unity-mcp/Editor/Windows/Components/Tools/McpToolsSection.cs using Guid(c6b3eaf7efb642e89b9b9548458f72d6) Importer(2089858483,b0f066a214c2f5e87bad3c948f4d605d) (ScriptedImporter) -> (artifact id: '370e82daee2c7286ba8782d9b0340fef') in 0.001391916 seconds
Number of updated asset objects reloaded before import = 0Number of asset objects unloaded after import = 0

========================================================================
Received Import Request.
  Time since last request: 0.000031 seconds.
  path: Packages/com.coplaydev.unity-mcp/Editor/Services/AssetGen/Import/AudioImportPipeline.cs
  artifactKey: Guid(cb94201110f1247c7bdf60548a93a30e) Importer(2089858483,b0f066a214c2f5e87bad3c948f4d605d)
Start importing Packages/com.coplaydev.unity-mcp/Editor/Services/AssetGen/Import/AudioImportPipeline.cs using Guid(cb94201110f1247c7bdf60548a93a30e) Importer(2089858483,b0f066a214c2f5e87bad3c948f4d605d) (ScriptedImporter) -> (artifact id: 'c71fb06a4bf443f3c06e325f0f6d98f4') in 0.001217834 seconds
Number of updated asset objects reloaded before import = 0Number of asset objects unloaded after import = 0

========================================================================
Received Import Request.
  Time since last request: 0.000026 seconds.
  path: Packages/com.coplaydev.unity-mcp/Editor/Tools/Vfx/TrailControl.cs
  artifactKey: Guid(edebad99699494d5585418395a2bf518) Importer(2089858483,b0f066a214c2f5e87bad3c948f4d605d)
Start importing Packages/com.coplaydev.unity-mcp/Editor/Tools/Vfx/TrailControl.cs using Guid(edebad99699494d5585418395a2bf518) Importer(2089858483,b0f066a214c2f5e87bad3c948f4d605d) (ScriptedImporter) -> (artifact id: '217a1b44ec6ef8c7eadb5f388801b3ea') in 0.00105525 seconds
Number of updated asset objects reloaded before import = 0Number of asset objects unloaded after import = 0

========================================================================
Received Import Request.
  Time since last request: 0.000042 seconds.
  path: Packages/com.coplaydev.unity-mcp/Editor/Services/AssetGen/Providers/FalAudioAdapter.cs
  artifactKey: Guid(13bdc532957f463e94feb4c25df0329f) Importer(2089858483,b0f066a214c2f5e87bad3c948f4d605d)
Start importing Packages/com.coplaydev.unity-mcp/Editor/Services/AssetGen/Providers/FalAudioAdapter.cs using Guid(13bdc532957f463e94feb4c25df0329f) Importer(2089858483,b0f066a214c2f5e87bad3c948f4d605d) (ScriptedImporter) -> (artifact id: '4f2c38196c9c9eab6883533ed17a8c18') in 0.001126917 seconds
Number of updated asset objects reloaded before import = 0Number of asset objects unloaded after import = 0

========================================================================
Received Import Request.
  Time since last request: 0.000036 seconds.
  path: Packages/com.coplaydev.unity-mcp/Editor/Services/AssetGen/Http/UnityWebRequestTransport.cs
  artifactKey: Guid(333575db1d8f487a9f2d32fa78dbb009) Importer(2089858483,b0f066a214c2f5e87bad3c948f4d605d)
Start importing Packages/com.coplaydev.unity-mcp/Editor/Services/AssetGen/Http/UnityWebRequestTransport.cs using Guid(333575db1d8f487a9f2d32fa78dbb009) Importer(2089858483,b0f066a214c2f5e87bad3c948f4d605d) (ScriptedImporter) -> (artifact id: '97e61ea427d12036b59f462eb78e6324') in 0.00110875 seconds
Number of updated asset objects reloaded before import = 0Number of asset objects unloaded after import = 0

========================================================================
Received Import Request.
  Time since last request: 0.000036 seconds.
  path: Packages/com.coplaydev.unity-mcp/Editor/Tools/Profiler/Operations/CounterOps.cs
  artifactKey: Guid(d082e7102c501e14084295fdd363f2e4) Importer(2089858483,b0f066a214c2f5e87bad3c948f4d605d)
Start importing Packages/com.coplaydev.unity-mcp/Editor/Tools/Profiler/Operations/CounterOps.cs using Guid(d082e7102c501e14084295fdd363f2e4) Importer(2089858483,b0f066a214c2f5e87bad3c948f4d605d) (ScriptedImporter) -> (artifact id: 'a01a207fc36ccaeb3ac52192d77effa6') in 0.001111625 seconds
Number of updated asset objects reloaded before import = 0Number of asset objects unloaded after import = 0

========================================================================
Received Import Request.
  Time since last request: 0.000030 seconds.
  path: Packages/com.coplaydev.unity-mcp/Editor/Services/AssetGen/Providers/SketchfabAdapter.cs
  artifactKey: Guid(860350c25d8d490aaaa925d76ce29407) Importer(2089858483,b0f066a214c2f5e87bad3c948f4d605d)
Start importing Packages/com.coplaydev.unity-mcp/Editor/Services/AssetGen/Providers/SketchfabAdapter.cs using Guid(860350c25d8d490aaaa925d76ce29407) Importer(2089858483,b0f066a214c2f5e87bad3c948f4d605d) (ScriptedImporter) -> (artifact id: '5504f10485e489c9e9c6c407ccb2273b') in 0.001048292 seconds
Number of updated asset objects reloaded before import = 0Number of asset objects unloaded after import = 0

========================================================================
Received Import Request.
  Time since last request: 0.000072 seconds.
  path: Packages/com.coplaydev.unity-mcp/Editor/Tools/Vfx/TrailWrite.cs
  artifactKey: Guid(33ba432240c134206a4f71ab24f0fb3a) Importer(2089858483,b0f066a214c2f5e87bad3c948f4d605d)
Start importing Packages/com.coplaydev.unity-mcp/Editor/Tools/Vfx/TrailWrite.cs using Guid(33ba432240c134206a4f71ab24f0fb3a) Importer(2089858483,b0f066a214c2f5e87bad3c948f4d605d) (ScriptedImporter) -> (artifact id: '01f9ba2611d6a9fa7f4b8271ccb5c079') in 0.001225875 seconds
Number of updated asset objects reloaded before import = 0Number of asset objects unloaded after import = 0

========================================================================
Received Import Request.
  Time since last request: 0.000032 seconds.
  path: Packages/com.coplaydev.unity-mcp/Editor/Services/AssetGen/Providers/FalAdapter.cs
  artifactKey: Guid(a36ad2c4285c4799ae9eb4495813a44c) Importer(2089858483,b0f066a214c2f5e87bad3c948f4d605d)
Start importing Packages/com.coplaydev.unity-mcp/Editor/Services/AssetGen/Providers/FalAdapter.cs using Guid(a36ad2c4285c4799ae9eb4495813a44c) Importer(2089858483,b0f066a214c2f5e87bad3c948f4d605d) (ScriptedImporter) -> (artifact id: '65d856ad802353bd50c8f0a5db11215a') in 0.001113875 seconds
Number of updated asset objects reloaded before import = 0Number of asset objects unloaded after import = 0

========================================================================
Received Import Request.
  Time since last request: 0.000034 seconds.
  path: Packages/com.coplaydev.unity-mcp/Editor/Windows/EditorPrefs/EditorPrefsWindow.uss
  artifactKey: Guid(3980375ed546e47abafcafe11e953e87) Importer(2089858483,b0f066a214c2f5e87bad3c948f4d605d)
Start importing Packages/com.coplaydev.unity-mcp/Editor/Windows/EditorPrefs/EditorPrefsWindow.uss using Guid(3980375ed546e47abafcafe11e953e87) Importer(2089858483,b0f066a214c2f5e87bad3c948f4d605d) (ScriptedImporter) -> (artifact id: '73c78e5e6e9c275a7d2b0e8f0c3bdcb7') in 0.002578333 seconds
Number of updated asset objects reloaded before import = 0Number of asset objects unloaded after import = 1

========================================================================
Received Import Request.
  Time since last request: 0.000032 seconds.
  path: Packages/com.coplaydev.unity-mcp/Editor/Windows/Components/Validation/McpValidationSection.cs
  artifactKey: Guid(c65b5fd2ed3efbf469bbc0a089f845e3) Importer(2089858483,b0f066a214c2f5e87bad3c948f4d605d)
Start importing Packages/com.coplaydev.unity-mcp/Editor/Windows/Components/Validation/McpValidationSection.cs using Guid(c65b5fd2ed3efbf469bbc0a089f845e3) Importer(2089858483,b0f066a214c2f5e87bad3c948f4d605d) (ScriptedImporter) -> (artifact id: 'cd5d3d3f672f2e1363f79893eb711550') in 0.001202 seconds
Number of updated asset objects reloaded before import = 0Number of asset objects unloaded after import = 0

========================================================================
Received Import Request.
  Time since last request: 0.000037 seconds.
  path: Packages/com.coplaydev.unity-mcp/Editor/Windows/Components/AssetGen/McpAssetGenSection.uxml
  artifactKey: Guid(3df8c86fc5da43c2b99611ea9f151338) Importer(2089858483,b0f066a214c2f5e87bad3c948f4d605d)
Start importing Packages/com.coplaydev.unity-mcp/Editor/Windows/Components/AssetGen/McpAssetGenSection.uxml using Guid(3df8c86fc5da43c2b99611ea9f151338) Importer(2089858483,b0f066a214c2f5e87bad3c948f4d605d) (ScriptedImporter) -> (artifact id: 'f677f63d7eeed84ec27d15c50189269f') in 0.024954459 seconds
Number of updated asset objects reloaded before import = 0Number of asset objects unloaded after import = 3

========================================================================
Received Import Request.
  Time since last request: 0.000036 seconds.
  path: Packages/com.coplaydev.unity-mcp/Editor/Windows/Components/AssetGen/McpAssetGenSection.cs
  artifactKey: Guid(bdb478d5413049048560d485405b8b02) Importer(2089858483,b0f066a214c2f5e87bad3c948f4d605d)
Start importing Packages/com.coplaydev.unity-mcp/Editor/Windows/Components/AssetGen/McpAssetGenSection.cs using Guid(bdb478d5413049048560d485405b8b02) Importer(2089858483,b0f066a214c2f5e87bad3c948f4d605d) (ScriptedImporter) -> (artifact id: '80cf5af59af1c83b022875f93d123dd2') in 0.001087667 seconds
Number of updated asset objects reloaded before import = 0Number of asset objects unloaded after import = 0

========================================================================
Received Import Request.
  Time since last request: 0.000038 seconds.
  path: Packages/com.unity.render-pipelines.core/Runtime/Debugging/Prefabs/Widgets/DebugUIGroup.prefab
  artifactKey: Guid(38a07789c9e87004dad98c2909f58369) Importer(2089858483,b0f066a214c2f5e87bad3c948f4d605d)
Start importing Packages/com.unity.render-pipelines.core/Runtime/Debugging/Prefabs/Widgets/DebugUIGroup.prefab using Guid(38a07789c9e87004dad98c2909f58369) Importer(2089858483,b0f066a214c2f5e87bad3c948f4d605d) (ScriptedImporter) -> (artifact id: '18e107d4ba5e749bad90a12806016a6c') in 0.010028917 seconds
Number of updated asset objects reloaded before import = 0Number of asset objects unloaded after import = 23

========================================================================
Received Import Request.
  Time since last request: 0.000045 seconds.
  path: Packages/com.unity.render-pipelines.core/Runtime/Debugging/Prefabs/Scripts/UIFoldout.cs
  artifactKey: Guid(e4786b5477cac0a42855b21fdaa2242f) Importer(2089858483,b0f066a214c2f5e87bad3c948f4d605d)
Start importing Packages/com.unity.render-pipelines.core/Runtime/Debugging/Prefabs/Scripts/UIFoldout.cs using Guid(e4786b5477cac0a42855b21fdaa2242f) Importer(2089858483,b0f066a214c2f5e87bad3c948f4d605d) (ScriptedImporter) -> (artifact id: '7dbb835a7b1299afe55183419af9f329') in 0.001274083 seconds
Number of updated asset objects reloaded before import = 0Number of asset objects unloaded after import = 0

========================================================================
Received Import Request.
  Time since last request: 0.000026 seconds.
  path: Packages/com.coplaydev.unity-mcp/Editor/Windows/EditorPrefs/EditorPrefItem.uxml
  artifactKey: Guid(06c99d6b0c7fa4fd3842e4d3b2a7407f) Importer(2089858483,b0f066a214c2f5e87bad3c948f4d605d)
Start importing Packages/com.coplaydev.unity-mcp/Editor/Windows/EditorPrefs/EditorPrefItem.uxml using Guid(06c99d6b0c7fa4fd3842e4d3b2a7407f) Importer(2089858483,b0f066a214c2f5e87bad3c948f4d605d) (ScriptedImporter) -> (artifact id: '33ffa7ee3bf4239430c752c7e02992ec') in 0.002370291 seconds
Number of updated asset objects reloaded before import = 0Number of asset objects unloaded after import = 2

========================================================================
Received Import Request.
  Time since last request: 0.000036 seconds.
  path: Packages/com.coplaydev.unity-mcp/Editor/Services/AssetGen/Http/HttpResult.cs
  artifactKey: Guid(507ef9b8ac9d4f42be51a3bc9203eeff) Importer(2089858483,b0f066a214c2f5e87bad3c948f4d605d)
Start importing Packages/com.coplaydev.unity-mcp/Editor/Services/AssetGen/Http/HttpResult.cs using Guid(507ef9b8ac9d4f42be51a3bc9203eeff) Importer(2089858483,b0f066a214c2f5e87bad3c948f4d605d) (ScriptedImporter) -> (artifact id: 'fccc1275e56531109500a7a51f0a4165') in 0.001150375 seconds
Number of updated asset objects reloaded before import = 0Number of asset objects unloaded after import = 0

========================================================================
Received Prepare
Begin MonoManager ReloadAssembly
Thread 0x171557000 may have been prematurely finalized
Symbol file LoadedFromMemory is not a mono symbol file
- Loaded All Assemblies, in  0.401 seconds
Refreshing native plugins compatible for Editor in 0.49 ms, found 3 plugins.
Native extension for iOS target not found
Native extension for OSXStandalone target not found
[Package Manager] Failed to launch server process. Reason: Unity was launched with the -noUpm command-line argument
[Package Manager] Unable to send message (not connected to server process).
[Package Manager] Cannot connect to Unity Package Manager local server
Refreshing native plugins compatible for Editor in 0.65 ms, found 3 plugins.
[Package Manager] Failed to launch server process. Reason: Unity was launched with the -noUpm command-line argument
[Package Manager] Unable to send message (not connected to server process).
[Package Manager] Cannot connect to Unity Package Manager local server
ScheduleIndexationOnStartup MainProcess:False IndexOnStartup:True
Mono: successfully reloaded assembly
- Finished resetting the current domain, in  0.388 seconds
Domain Reload Profiling: 791ms
	BeginReloadAssembly (86ms)
		ExecutionOrderSort (0ms)
		DisableScriptedObjects (6ms)
		BackupInstance (0ms)
		ReleaseScriptingObjects (0ms)
		CreateAndSetChildDomain (26ms)
	RebuildCommonClasses (18ms)
	RebuildNativeTypeToScriptingClass (7ms)
	initialDomainReloadingComplete (10ms)
	LoadAllAssembliesAndSetupDomain (282ms)
		LoadAssemblies (198ms)
		RebuildTransferFunctionScriptingTraits (0ms)
		AnalyzeDomain (106ms)
			TypeCache.Refresh (7ms)
				TypeCache.ScanAssembly (0ms)
			BuildScriptInfoCaches (91ms)
			ResolveRequiredComponents (5ms)
	FinalizeReload (388ms)
		ReleaseScriptCaches (0ms)
		RebuildScriptCaches (0ms)
		SetupLoadedEditorAssemblies (315ms)
			LogAssemblyErrors (0ms)
			InitializePlatformSupportModulesInManaged (7ms)
			SetLoadedEditorAssemblies (2ms)
			BeforeProcessingInitializeOnLoad (78ms)
			ProcessInitializeOnLoadAttributes (185ms)
			ProcessInitializeOnLoadMethodAttributes (41ms)
			AfterProcessingInitializeOnLoad (1ms)
			EditorAssembliesLoaded (0ms)
		ExecutionOrderSort2 (0ms)
		AwakeInstancesAfterBackupRestoration (5ms)
WARNING: Shader Unsupported: 'Universal Render Pipeline/VR/SpatialMapping/Wireframe' - All subshaders removed
WARNING: Shader Did you use #pragma only_renderers and omit this platform?
WARNING: Shader If subshaders removal was intentional, you may have forgotten turning Fallback off?
WARNING: Shader Unsupported: 'Universal Render Pipeline/VR/SpatialMapping/Wireframe' - All subshaders removed
WARNING: Shader Did you use #pragma only_renderers and omit this platform?
WARNING: Shader If subshaders removal was intentional, you may have forgotten turning Fallback off?
Refreshing native plugins compatible for Editor in 0.78 ms, found 3 plugins.
Preloading 0 native plugins for Editor in 0.00 ms.
Unloading 31 Unused Serialized files (Serialized files now loaded: 0)
Unloading 7525 unused Assets / (3.8 MB). Loaded Objects now: 8327.
Memory consumption went from 185.3 MB to 181.5 MB.
Total: 5.811334 ms (FindLiveObjects: 0.285709 ms CreateObjectMapping: 0.183625 ms MarkObjects: 3.892125 ms  DeleteObjects: 1.449417 ms)

Prepare: number of updated asset objects reloaded= 0
========================================================================
Received Prepare
Begin MonoManager ReloadAssembly
[Licensing::Client] Successfully resolved entitlement details
Thread 0x16d76f000 may have been prematurely finalized
Symbol file LoadedFromMemory is not a mono symbol file
- Loaded All Assemblies, in  0.515 seconds
Refreshing native plugins compatible for Editor in 0.55 ms, found 3 plugins.
Native extension for iOS target not found
Native extension for OSXStandalone target not found
[Package Manager] Failed to launch server process. Reason: Unity was launched with the -noUpm command-line argument
[Package Manager] Unable to send message (not connected to server process).
[Package Manager] Cannot connect to Unity Package Manager local server
Refreshing native plugins compatible for Editor in 0.65 ms, found 3 plugins.
[Package Manager] Failed to launch server process. Reason: Unity was launched with the -noUpm command-line argument
[Package Manager] Unable to send message (not connected to server process).
[Package Manager] Cannot connect to Unity Package Manager local server
ScheduleIndexationOnStartup MainProcess:False IndexOnStartup:True
Mono: successfully reloaded assembly
- Finished resetting the current domain, in  0.426 seconds
Domain Reload Profiling: 944ms
	BeginReloadAssembly (142ms)
		ExecutionOrderSort (0ms)
		DisableScriptedObjects (9ms)
		BackupInstance (0ms)
		ReleaseScriptingObjects (0ms)
		CreateAndSetChildDomain (43ms)
	RebuildCommonClasses (18ms)
	RebuildNativeTypeToScriptingClass (8ms)
	initialDomainReloadingComplete (16ms)
	LoadAllAssembliesAndSetupDomain (334ms)
		LoadAssemblies (252ms)
		RebuildTransferFunctionScriptingTraits (0ms)
		AnalyzeDomain (127ms)
			TypeCache.Refresh (10ms)
				TypeCache.ScanAssembly (0ms)
			BuildScriptInfoCaches (107ms)
			ResolveRequiredComponents (5ms)
	FinalizeReload (426ms)
		ReleaseScriptCaches (0ms)
		RebuildScriptCaches (0ms)
		SetupLoadedEditorAssemblies (347ms)
			LogAssemblyErrors (0ms)
			InitializePlatformSupportModulesInManaged (10ms)
			SetLoadedEditorAssemblies (2ms)
			BeforeProcessingInitializeOnLoad (89ms)
			ProcessInitializeOnLoadAttributes (201ms)
			ProcessInitializeOnLoadMethodAttributes (44ms)
			AfterProcessingInitializeOnLoad (1ms)
			EditorAssembliesLoaded (0ms)
		ExecutionOrderSort2 (0ms)
		AwakeInstancesAfterBackupRestoration (5ms)
WARNING: Shader Unsupported: 'Universal Render Pipeline/VR/SpatialMapping/Wireframe' - All subshaders removed
WARNING: Shader Did you use #pragma only_renderers and omit this platform?
WARNING: Shader If subshaders removal was intentional, you may have forgotten turning Fallback off?
WARNING: Shader Unsupported: 'Universal Render Pipeline/VR/SpatialMapping/Wireframe' - All subshaders removed
WARNING: Shader Did you use #pragma only_renderers and omit this platform?
WARNING: Shader If subshaders removal was intentional, you may have forgotten turning Fallback off?
Refreshing native plugins compatible for Editor in 0.65 ms, found 3 plugins.
Preloading 0 native plugins for Editor in 0.00 ms.
Unloading 31 Unused Serialized files (Serialized files now loaded: 0)
Unloading 7525 unused Assets / (3.8 MB). Loaded Objects now: 8331.
Memory consumption went from 190.5 MB to 186.6 MB.
Total: 5.665667 ms (FindLiveObjects: 0.302250 ms CreateObjectMapping: 0.162667 ms MarkObjects: 3.841500 ms  DeleteObjects: 1.358750 ms)

Prepare: number of updated asset objects reloaded= 0
========================================================================
Received Prepare
Begin MonoManager ReloadAssembly
[Licensing::Client] Successfully resolved entitlement details
Thread 0x16d76f000 may have been prematurely finalized
Symbol file LoadedFromMemory is not a mono symbol file
- Loaded All Assemblies, in  0.475 seconds
Refreshing native plugins compatible for Editor in 0.50 ms, found 3 plugins.
Native extension for iOS target not found
Native extension for OSXStandalone target not found
[Package Manager] Failed to launch server process. Reason: Unity was launched with the -noUpm command-line argument
[Package Manager] Unable to send message (not connected to server process).
[Package Manager] Cannot connect to Unity Package Manager local server
Refreshing native plugins compatible for Editor in 0.63 ms, found 3 plugins.
[Package Manager] Failed to launch server process. Reason: Unity was launched with the -noUpm command-line argument
[Package Manager] Unable to send message (not connected to server process).
[Package Manager] Cannot connect to Unity Package Manager local server
ScheduleIndexationOnStartup MainProcess:False IndexOnStartup:True
Mono: successfully reloaded assembly
- Finished resetting the current domain, in  0.380 seconds
Domain Reload Profiling: 858ms
	BeginReloadAssembly (152ms)
		ExecutionOrderSort (0ms)
		DisableScriptedObjects (13ms)
		BackupInstance (0ms)
		ReleaseScriptingObjects (0ms)
		CreateAndSetChildDomain (47ms)
	RebuildCommonClasses (17ms)
	RebuildNativeTypeToScriptingClass (7ms)
	initialDomainReloadingComplete (12ms)
	LoadAllAssembliesAndSetupDomain (289ms)
		LoadAssemblies (201ms)
		RebuildTransferFunctionScriptingTraits (0ms)
		AnalyzeDomain (122ms)
			TypeCache.Refresh (10ms)
				TypeCache.ScanAssembly (0ms)
			BuildScriptInfoCaches (102ms)
			ResolveRequiredComponents (5ms)
	FinalizeReload (380ms)
		ReleaseScriptCaches (0ms)
		RebuildScriptCaches (0ms)
		SetupLoadedEditorAssemblies (308ms)
			LogAssemblyErrors (0ms)
			InitializePlatformSupportModulesInManaged (10ms)
			SetLoadedEditorAssemblies (2ms)
			BeforeProcessingInitializeOnLoad (78ms)
			ProcessInitializeOnLoadAttributes (180ms)
			ProcessInitializeOnLoadMethodAttributes (37ms)
			AfterProcessingInitializeOnLoad (1ms)
			EditorAssembliesLoaded (0ms)
		ExecutionOrderSort2 (0ms)
		AwakeInstancesAfterBackupRestoration (4ms)
WARNING: Shader Unsupported: 'Universal Render Pipeline/VR/SpatialMapping/Wireframe' - All subshaders removed
WARNING: Shader Did you use #pragma only_renderers and omit this platform?
WARNING: Shader If subshaders removal was intentional, you may have forgotten turning Fallback off?
WARNING: Shader Unsupported: 'Universal Render Pipeline/VR/SpatialMapping/Wireframe' - All subshaders removed
WARNING: Shader Did you use #pragma only_renderers and omit this platform?
WARNING: Shader If subshaders removal was intentional, you may have forgotten turning Fallback off?
Refreshing native plugins compatible for Editor in 0.77 ms, found 3 plugins.
Preloading 0 native plugins for Editor in 0.00 ms.
Unloading 31 Unused Serialized files (Serialized files now loaded: 0)
Unloading 7525 unused Assets / (3.9 MB). Loaded Objects now: 8335.
Memory consumption went from 195.5 MB to 191.6 MB.
Total: 5.513625 ms (FindLiveObjects: 0.270792 ms CreateObjectMapping: 0.141541 ms MarkObjects: 3.816209 ms  DeleteObjects: 1.284958 ms)

Prepare: number of updated asset objects reloaded= 0
========================================================================
Received Prepare
Begin MonoManager ReloadAssembly
Thread 0x16d76f000 may have been prematurely finalized
Symbol file LoadedFromMemory is not a mono symbol file
- Loaded All Assemblies, in  0.366 seconds
Refreshing native plugins compatible for Editor in 0.40 ms, found 3 plugins.
Native extension for iOS target not found
Native extension for OSXStandalone target not found
[Package Manager] Failed to launch server process. Reason: Unity was launched with the -noUpm command-line argument
[Package Manager] Unable to send message (not connected to server process).
[Package Manager] Cannot connect to Unity Package Manager local server
Refreshing native plugins compatible for Editor in 0.54 ms, found 3 plugins.
[Package Manager] Failed to launch server process. Reason: Unity was launched with the -noUpm command-line argument
[Package Manager] Unable to send message (not connected to server process).
[Package Manager] Cannot connect to Unity Package Manager local server
ScheduleIndexationOnStartup MainProcess:False IndexOnStartup:True
Mono: successfully reloaded assembly
- Finished resetting the current domain, in  0.404 seconds
Domain Reload Profiling: 773ms
	BeginReloadAssembly (85ms)
		ExecutionOrderSort (0ms)
		DisableScriptedObjects (6ms)
		BackupInstance (0ms)
		ReleaseScriptingObjects (0ms)
		CreateAndSetChildDomain (22ms)
	RebuildCommonClasses (18ms)
	RebuildNativeTypeToScriptingClass (7ms)
	initialDomainReloadingComplete (10ms)
	LoadAllAssembliesAndSetupDomain (248ms)
		LoadAssemblies (161ms)
		RebuildTransferFunctionScriptingTraits (0ms)
		AnalyzeDomain (111ms)
			TypeCache.Refresh (7ms)
				TypeCache.ScanAssembly (0ms)
			BuildScriptInfoCaches (97ms)
			ResolveRequiredComponents (5ms)
	FinalizeReload (404ms)
		ReleaseScriptCaches (0ms)
		RebuildScriptCaches (0ms)
		SetupLoadedEditorAssemblies (330ms)
			LogAssemblyErrors (0ms)
			InitializePlatformSupportModulesInManaged (6ms)
			SetLoadedEditorAssemblies (2ms)
			BeforeProcessingInitializeOnLoad (76ms)
			ProcessInitializeOnLoadAttributes (203ms)
			ProcessInitializeOnLoadMethodAttributes (42ms)
			AfterProcessingInitializeOnLoad (1ms)
			EditorAssembliesLoaded (0ms)
		ExecutionOrderSort2 (0ms)
		AwakeInstancesAfterBackupRestoration (5ms)
WARNING: Shader Unsupported: 'Universal Render Pipeline/VR/SpatialMapping/Wireframe' - All subshaders removed
WARNING: Shader Did you use #pragma only_renderers and omit this platform?
WARNING: Shader If subshaders removal was intentional, you may have forgotten turning Fallback off?
WARNING: Shader Unsupported: 'Universal Render Pipeline/VR/SpatialMapping/Wireframe' - All subshaders removed
WARNING: Shader Did you use #pragma only_renderers and omit this platform?
WARNING: Shader If subshaders removal was intentional, you may have forgotten turning Fallback off?
Refreshing native plugins compatible for Editor in 0.61 ms, found 3 plugins.
Preloading 0 native plugins for Editor in 0.00 ms.
Unloading 31 Unused Serialized files (Serialized files now loaded: 0)
Unloading 7525 unused Assets / (3.7 MB). Loaded Objects now: 8339.
Memory consumption went from 200.5 MB to 196.8 MB.
Total: 6.042334 ms (FindLiveObjects: 0.266000 ms CreateObjectMapping: 0.152375 ms MarkObjects: 4.240583 ms  DeleteObjects: 1.383042 ms)

Prepare: number of updated asset objects reloaded= 0
========================================================================
Received Prepare
Begin MonoManager ReloadAssembly
Thread 0x16d76f000 may have been prematurely finalized
Symbol file LoadedFromMemory is not a mono symbol file
- Loaded All Assemblies, in  0.368 seconds
Refreshing native plugins compatible for Editor in 0.46 ms, found 3 plugins.
Native extension for iOS target not found
Native extension for OSXStandalone target not found
[Package Manager] Failed to launch server process. Reason: Unity was launched with the -noUpm command-line argument
[Package Manager] Unable to send message (not connected to server process).
[Package Manager] Cannot connect to Unity Package Manager local server
Refreshing native plugins compatible for Editor in 0.66 ms, found 3 plugins.
[Package Manager] Failed to launch server process. Reason: Unity was launched with the -noUpm command-line argument
[Package Manager] Unable to send message (not connected to server process).
[Package Manager] Cannot connect to Unity Package Manager local server
ScheduleIndexationOnStartup MainProcess:False IndexOnStartup:True
Mono: successfully reloaded assembly
- Finished resetting the current domain, in  0.421 seconds
Domain Reload Profiling: 791ms
	BeginReloadAssembly (85ms)
		ExecutionOrderSort (0ms)
		DisableScriptedObjects (6ms)
		BackupInstance (0ms)
		ReleaseScriptingObjects (0ms)
		CreateAndSetChildDomain (23ms)
	RebuildCommonClasses (21ms)
	RebuildNativeTypeToScriptingClass (8ms)
	initialDomainReloadingComplete (10ms)
	LoadAllAssembliesAndSetupDomain (246ms)
		LoadAssemblies (157ms)
		RebuildTransferFunctionScriptingTraits (0ms)
		AnalyzeDomain (112ms)
			TypeCache.Refresh (5ms)
				TypeCache.ScanAssembly (0ms)
			BuildScriptInfoCaches (100ms)
			ResolveRequiredComponents (5ms)
	FinalizeReload (421ms)
		ReleaseScriptCaches (0ms)
		RebuildScriptCaches (0ms)
		SetupLoadedEditorAssemblies (342ms)
			LogAssemblyErrors (0ms)
			InitializePlatformSupportModulesInManaged (6ms)
			SetLoadedEditorAssemblies (2ms)
			BeforeProcessingInitializeOnLoad (80ms)
			ProcessInitializeOnLoadAttributes (211ms)
			ProcessInitializeOnLoadMethodAttributes (43ms)
			AfterProcessingInitializeOnLoad (1ms)
			EditorAssembliesLoaded (0ms)
		ExecutionOrderSort2 (0ms)
		AwakeInstancesAfterBackupRestoration (5ms)
WARNING: Shader Unsupported: 'Universal Render Pipeline/VR/SpatialMapping/Wireframe' - All subshaders removed
WARNING: Shader Did you use #pragma only_renderers and omit this platform?
WARNING: Shader If subshaders removal was intentional, you may have forgotten turning Fallback off?
WARNING: Shader Unsupported: 'Universal Render Pipeline/VR/SpatialMapping/Wireframe' - All subshaders removed
WARNING: Shader Did you use #pragma only_renderers and omit this platform?
WARNING: Shader If subshaders removal was intentional, you may have forgotten turning Fallback off?
Refreshing native plugins compatible for Editor in 0.62 ms, found 3 plugins.
Preloading 0 native plugins for Editor in 0.00 ms.
Unloading 31 Unused Serialized files (Serialized files now loaded: 0)
Unloading 7525 unused Assets / (4.1 MB). Loaded Objects now: 8343.
Memory consumption went from 205.6 MB to 201.6 MB.
Total: 6.440917 ms (FindLiveObjects: 0.297208 ms CreateObjectMapping: 0.228375 ms MarkObjects: 4.313000 ms  DeleteObjects: 1.602083 ms)

Prepare: number of updated asset objects reloaded= 0
