Unity Editor version:    6000.3.20f1 (c9ba695d4f07)
Branch:                  6000.3/staging
Build type:              Release
Batch mode:              YES
macOS version:           Version 26.5 (Build 25F71)
Darwin version:          25.5.0
Architecture:            arm64
Running under Rosetta:   NO
Available memory:        24576 MB
Date:                    2026-07-18T19:14:23Z
[Licensing::Module] Trying to connect to existing licensing client channel...
[Licensing::IpcConnector] Successfully connected to: "LicenseClient-saibhandar" at "2026-07-18T19:14:23.342268Z"

COMMAND LINE ARGUMENTS:
/Applications/Unity/Hub/Editor/6000.3.20f1/Unity.app/Contents/MacOS/Unity
-adb2
-batchMode
-noUpm
-name
AssetImportWorker0
-projectPath
/Users/saibhandar/Documents/GitHub/sidequest/SidequestV1
-logFile
Logs/AssetImportWorker0.log
-srvPort
55115
-parentPid
81575
-analyticsCloudUserId
anonymous
-analyticsCloudProjectId
8cec153a-0c35-495b-a5b4-896cd733474b
-analyticsLocalProjectId
6c0cb5ea01a9748d0a13addd91f35542
-licensingIpc
LicenseClient-saibhandar
-job-worker-count
4
-background-job-worker-count
8
-gc-helper-count
1
-name AssetImport
Successfully changed project path to: /Users/saibhandar/Documents/GitHub/sidequest/SidequestV1
/Users/saibhandar/Documents/GitHub/sidequest/SidequestV1
[UnityMemory] Configuration Parameters - Can be set up in boot.config
    "memorysetup-allocator-temp-initial-block-size-main=262144"
    "memorysetup-allocator-temp-initial-block-size-worker=262144"
    "memorysetup-temp-allocator-size-background-worker=32768"
    "memorysetup-temp-allocator-size-job-worker=262144"
    "memorysetup-temp-allocator-size-preload-manager=33554432"
    "memorysetup-temp-allocator-size-nav-mesh-worker=65536"
    "memorysetup-temp-allocator-size-audio-worker=65536"
    "memorysetup-temp-allocator-size-cloud-worker=32768"
    "memorysetup-bucket-allocator-granularity=16"
    "memorysetup-bucket-allocator-bucket-count=8"
    "memorysetup-bucket-allocator-block-size=33554432"
    "memorysetup-bucket-allocator-block-count=8"
    "memorysetup-main-allocator-block-size=16777216"
    "memorysetup-thread-allocator-block-size=16777216"
    "memorysetup-gfx-main-allocator-block-size=16777216"
    "memorysetup-gfx-thread-allocator-block-size=16777216"
    "memorysetup-cache-allocator-block-size=4194304"
    "memorysetup-typetree-allocator-block-size=2097152"
    "memorysetup-profiler-bucket-allocator-granularity=16"
    "memorysetup-profiler-bucket-allocator-bucket-count=8"
    "memorysetup-profiler-bucket-allocator-block-size=33554432"
    "memorysetup-profiler-bucket-allocator-block-count=8"
    "memorysetup-profiler-allocator-block-size=16777216"
    "memorysetup-profiler-editor-allocator-block-size=1048576"
    "memorysetup-temp-allocator-size-main=16777216"
    "memorysetup-job-temp-allocator-block-size=2097152"
    "memorysetup-job-temp-allocator-block-size-background=1048576"
    "memorysetup-job-temp-allocator-reduction-small-platforms=262144"
    "memorysetup-temp-allocator-size-gi-baking-worker=262144"
    "memorysetup-temp-allocator-size-gi-baking-worker=262144"
    "memorysetup-temp-allocator-size-gi-baking-worker=262144"
    "memorysetup-temp-allocator-size-gi-baking-worker=262144"
    "memorysetup-temp-allocator-size-gi-baking-worker=262144"
    "memorysetup-temp-allocator-size-gfx=262144"
Player connection [8406900352]  Target information:

Player connection [8406900352]  * "[IP] 10.2.9.144 [Port] 0 [Flags] 2 [Guid] 2163043114 [EditorId] 2163043114 [Version] 1048832 [Id] OSXEditor(0,Sais-MacBook-Air.local) [Debug] 1 [PackageName] OSXEditor [ProjectName] Editor" 

Player connection [8406900352] Host joined multi-casting on [225.0.0.222:54997]...
Player connection [8406900352] Host joined alternative multi-casting on [225.0.0.222:34997]...
JobSystem: Creating JobQueue using job-worker-count value 4
Input System module state changed to: Initialized.
[Physics::Module] Initialized fallback backend.
[Physics::Module] Id: 0xdecafbad
Library Redirect Path: Library/
[Physics::Module] Selected backend.
[Physics::Module] Name: PhysX
[Physics::Module] Id: 0xf2b8ea05
[Physics::Module] SDK Version: 4.1.2
[Physics::Module] Integration Version: 1.0.0
[Physics::Module] Threading Mode: Multi-Threaded
Refreshing native plugins compatible for Editor in 4.84 ms, found 3 plugins.
Preloading 0 native plugins for Editor in 0.00 ms.
Initialize engine version: 6000.3.20f1 (c9ba695d4f07)
[Subsystems] Discovering subsystems at path /Applications/Unity/Hub/Editor/6000.3.20f1/Unity.app/Contents/Resources/UnitySubsystems
[Subsystems] Discovering subsystems at path /Users/saibhandar/Documents/GitHub/sidequest/SidequestV1/Assets
GfxDevice: creating device client; kGfxThreadingModeNonThreaded
 preferred device: Apple M5 (high power)
Metal devices available: 1
0: Apple M5 (high power)
Using device Apple M5 (high power)
Initializing Metal device caps: Apple M5
Mac GPU Family: 2
Apple GPU Family: 9
MSL Version: 3.0
Has Float MSAA: 1
Has Float Filtering: 1
ReadWrite Texture Tier: 2
Initialize mono
Mono path[0] = '/Applications/Unity/Hub/Editor/6000.3.20f1/Unity.app/Contents/Resources/Scripting/Managed'
Mono path[1] = '/Applications/Unity/Hub/Editor/6000.3.20f1/Unity.app/Contents/Resources/Scripting/MonoBleedingEdge/lib/mono/unityjit-macos'
Mono config path = '/Applications/Unity/Hub/Editor/6000.3.20f1/Unity.app/Contents/Resources/Scripting/MonoBleedingEdge/etc'
Using monoOptions --debugger-agent=transport=dt_socket,embedding=1,server=y,suspend=n,address=127.0.0.1:56821
Begin MonoManager ReloadAssembly
Registering precompiled unity dll's ...
Register platform support module: /Applications/Unity/Hub/Editor/6000.3.20f1/Unity.app/Contents/PlaybackEngines/MacStandaloneSupport/UnityEditor.OSXStandalone.Extensions.dll
[Licensing::Module] Licensing is not yet initialized.
[Licensing::Client] Error: HandshakeResponse reported an error:
	ResponseCode: 505
	ResponseStatus: Unsupported protocol version '1.18.1'.
[Licensing::Module] Error: Failed to handshake to channel: "LicenseClient-saibhandar"
[Licensing::IpcConnector] LicenseClient-saibhandar channel disconnected successfully.
[Licensing::IpcConnector] Successfully connected to: "LicenseClient-saibhandar-6000.3.20" at "2026-07-18T19:14:23.875362Z"
[Licensing::Client] Handshaking with LicensingClient:
  Version:                 1.18.1+9fbee8e
  Session Id:              0bc94594cdc24bf2ad6436b81ab617d4
  Correlation Id:          bfca7ef991d9cbd4c81bd0d5af7245ee
  External correlation Id: 9164798394815573277
  Machine Id:              fHXcFYaETn7ypLPRNv7mcrlCilw=
[Licensing::Module] Successfully connected to LicensingClient on channel: "LicenseClient-saibhandar-6000.3.20" (connect: 0.00s, validation: 0.00s, handshake: 0.31s)
[Licensing::IpcConnector] Successfully connected to: "LicenseClient-saibhandar-6000.3.20-notifications" at "2026-07-18T19:14:24.183083Z"
[Licensing::Module] Licensing Background thread has ended after 0.84s
[Licensing::Module] Licensing is initialized (took 0.36s).
[Licensing::Client] Successfully resolved entitlement details
[Licensing::Module] License group:
  Id: 2474294401082-UnityPersXXXX
  Product: Unity Personal
  Type: Assigned
  Expiration: Unlimited
Register platform support module: /Applications/Unity/Hub/Editor/6000.3.20f1/PlaybackEngines/iOSSupport/UnityEditor.iOS.Extensions.dll
Registered in 0.363232 seconds.
- Loaded All Assemblies, in  0.572 seconds
[usbmuxd] Start listen thread
[usbmuxd] Listen thread started
[usbmuxd] Send listen message
Native extension for iOS target not found
Native extension for OSXStandalone target not found
Package Manager log level set to [2]
[Package Manager] Failed to launch server process. Reason: Unity was launched with the -noUpm command-line argument
[Package Manager] Unable to send message (not connected to server process).
[Package Manager] Cannot connect to Unity Package Manager local server
ScheduleIndexationOnStartup MainProcess:False IndexOnStartup:True
Mono: successfully reloaded assembly
- Finished resetting the current domain, in  0.220 seconds
Domain Reload Profiling: 791ms
	BeginReloadAssembly (79ms)
		ExecutionOrderSort (0ms)
		DisableScriptedObjects (0ms)
		BackupInstance (0ms)
		ReleaseScriptingObjects (0ms)
		CreateAndSetChildDomain (0ms)
	RebuildCommonClasses (20ms)
	RebuildNativeTypeToScriptingClass (7ms)
	initialDomainReloadingComplete (383ms)
	LoadAllAssembliesAndSetupDomain (83ms)
		LoadAssemblies (78ms)
		RebuildTransferFunctionScriptingTraits (0ms)
		AnalyzeDomain (81ms)
			TypeCache.Refresh (80ms)
				TypeCache.ScanAssembly (73ms)
			BuildScriptInfoCaches (0ms)
			ResolveRequiredComponents (0ms)
	FinalizeReload (220ms)
		ReleaseScriptCaches (0ms)
		RebuildScriptCaches (0ms)
		SetupLoadedEditorAssemblies (194ms)
			LogAssemblyErrors (0ms)
			InitializePlatformSupportModulesInManaged (42ms)
			SetLoadedEditorAssemblies (2ms)
			BeforeProcessingInitializeOnLoad (40ms)
			ProcessInitializeOnLoadAttributes (57ms)
			ProcessInitializeOnLoadMethodAttributes (52ms)
			AfterProcessingInitializeOnLoad (0ms)
			EditorAssembliesLoaded (0ms)
		ExecutionOrderSort2 (0ms)
		AwakeInstancesAfterBackupRestoration (0ms)
[Licensing::Client] Successfully resolved entitlement details
[CoreBusinessMetrics] Unexpected thread when updating session info.
Curl error 3: URL rejected: Error
========================================================================
Worker process is ready to serve import requests
Import Worker Mode flag is 0x00
Begin MonoManager ReloadAssembly
Symbol file LoadedFromMemory is not a mono symbol file
- Loaded All Assemblies, in  0.438 seconds
Refreshing native plugins compatible for Editor in 0.43 ms, found 3 plugins.
Native extension for iOS target not found
Native extension for OSXStandalone target not found
[Package Manager] Failed to launch server process. Reason: Unity was launched with the -noUpm command-line argument
[Package Manager] Unable to send message (not connected to server process).
[Package Manager] Cannot connect to Unity Package Manager local server
Refreshing native plugins compatible for Editor in 0.49 ms, found 3 plugins.
[Package Manager] Failed to launch server process. Reason: Unity was launched with the -noUpm command-line argument
[Package Manager] Unable to send message (not connected to server process).
[Package Manager] Cannot connect to Unity Package Manager local server
ScheduleIndexationOnStartup MainProcess:False IndexOnStartup:True
Mono: successfully reloaded assembly
- Finished resetting the current domain, in  0.405 seconds
Domain Reload Profiling: 842ms
	BeginReloadAssembly (62ms)
		ExecutionOrderSort (0ms)
		DisableScriptedObjects (2ms)
		BackupInstance (0ms)
		ReleaseScriptingObjects (0ms)
		CreateAndSetChildDomain (10ms)
	RebuildCommonClasses (17ms)
	RebuildNativeTypeToScriptingClass (6ms)
	initialDomainReloadingComplete (15ms)
	LoadAllAssembliesAndSetupDomain (337ms)
		LoadAssemblies (228ms)
		RebuildTransferFunctionScriptingTraits (0ms)
		AnalyzeDomain (142ms)
			TypeCache.Refresh (103ms)
				TypeCache.ScanAssembly (90ms)
			BuildScriptInfoCaches (31ms)
			ResolveRequiredComponents (5ms)
	FinalizeReload (405ms)
		ReleaseScriptCaches (0ms)
		RebuildScriptCaches (0ms)
		SetupLoadedEditorAssemblies (341ms)
			LogAssemblyErrors (0ms)
			InitializePlatformSupportModulesInManaged (6ms)
			SetLoadedEditorAssemblies (2ms)
			BeforeProcessingInitializeOnLoad (81ms)
			ProcessInitializeOnLoadAttributes (189ms)
			ProcessInitializeOnLoadMethodAttributes (62ms)
			AfterProcessingInitializeOnLoad (1ms)
			EditorAssembliesLoaded (0ms)
		ExecutionOrderSort2 (0ms)
		AwakeInstancesAfterBackupRestoration (1ms)
WARNING: Shader Unsupported: 'Universal Render Pipeline/VR/SpatialMapping/Wireframe' - All subshaders removed
WARNING: Shader Did you use #pragma only_renderers and omit this platform?
WARNING: Shader If subshaders removal was intentional, you may have forgotten turning Fallback off?
WARNING: Shader Unsupported: 'Universal Render Pipeline/VR/SpatialMapping/Wireframe' - All subshaders removed
WARNING: Shader Did you use #pragma only_renderers and omit this platform?
WARNING: Shader If subshaders removal was intentional, you may have forgotten turning Fallback off?
Launching external process: /Applications/Unity/Hub/Editor/6000.3.20f1/Unity.app/Contents/Helpers/UnityShaderCompiler
Launched and connected shader compiler UnityShaderCompiler after 0.02 seconds
Refreshing native plugins compatible for Editor in 0.63 ms, found 3 plugins.
Preloading 0 native plugins for Editor in 0.00 ms.
Curl error 3: URL rejected: Error
Unloading 31 Unused Serialized files (Serialized files now loaded: 0)
Unloading 7527 unused Assets / (5.6 MB). Loaded Objects now: 8320.
Memory consumption went from 172.8 MB to 167.3 MB.
Total: 6.028041 ms (FindLiveObjects: 0.509875 ms CreateObjectMapping: 0.196750 ms MarkObjects: 3.755583 ms  DeleteObjects: 1.565667 ms)

========================================================================
Received Import Request.
  Time since last request: 74281.958893 seconds.
  path: Assets/TextMesh Pro/Shaders/TMP_SDF-Mobile.shader
  artifactKey: Guid(fe393ace9b354375a9cb14cdbbc28be4) Importer(2089858483,b0f066a214c2f5e87bad3c948f4d605d)
Start importing Assets/TextMesh Pro/Shaders/TMP_SDF-Mobile.shader using Guid(fe393ace9b354375a9cb14cdbbc28be4) Importer(2089858483,b0f066a214c2f5e87bad3c948f4d605d) (ScriptedImporter) -> (artifact id: '6ebdb5494b194d5dc3e9686f017c5542') in 0.025704791 seconds
Number of updated asset objects reloaded before import = 0Number of asset objects unloaded after import = 1

========================================================================
Received Import Request.
  Time since last request: 0.000038 seconds.
  path: Packages/com.coplaydev.unity-mcp/Editor/Helpers/McpConfigurationHelper.cs
  artifactKey: Guid(e45ac2a13b4c1ba468b8e3aa67b292ca) Importer(2089858483,b0f066a214c2f5e87bad3c948f4d605d)
Start importing Packages/com.coplaydev.unity-mcp/Editor/Helpers/McpConfigurationHelper.cs using Guid(e45ac2a13b4c1ba468b8e3aa67b292ca) Importer(2089858483,b0f066a214c2f5e87bad3c948f4d605d) (ScriptedImporter) -> (artifact id: 'f9e905e51394a5daecd0b155e29b966b') in 0.00528075 seconds
Number of updated asset objects reloaded before import = 0Number of asset objects unloaded after import = 0

========================================================================
Received Import Request.
  Time since last request: 0.000041 seconds.
  path: Assets/Scripts/Configuration/RunnerConfiguration.cs
  artifactKey: Guid(177c69227ec34426f987bf7e05071a0c) Importer(2089858483,b0f066a214c2f5e87bad3c948f4d605d)
Start importing Assets/Scripts/Configuration/RunnerConfiguration.cs using Guid(177c69227ec34426f987bf7e05071a0c) Importer(2089858483,b0f066a214c2f5e87bad3c948f4d605d) (ScriptedImporter) -> (artifact id: '10c60690ef33f312b813c7b38463a50c') in 0.000994334 seconds
Number of updated asset objects reloaded before import = 0Number of asset objects unloaded after import = 0

========================================================================
Received Import Request.
  Time since last request: 0.000028 seconds.
  path: Assets/Tests/EditMode/GeoDistanceCalculatorTests.cs
  artifactKey: Guid(401546b2d181e41d9b971d3520cf237f) Importer(2089858483,b0f066a214c2f5e87bad3c948f4d605d)
Start importing Assets/Tests/EditMode/GeoDistanceCalculatorTests.cs using Guid(401546b2d181e41d9b971d3520cf237f) Importer(2089858483,b0f066a214c2f5e87bad3c948f4d605d) (ScriptedImporter) -> (artifact id: '674ff5a66413f7280b168958fc64b7e3') in 0.000925125 seconds
Number of updated asset objects reloaded before import = 0Number of asset objects unloaded after import = 0

========================================================================
Received Import Request.
  Time since last request: 0.000031 seconds.
  path: Packages/com.coplaydev.unity-mcp/Editor/Helpers/ExecPath.cs
  artifactKey: Guid(8f2b7b3e9c3e4a0f9b2a1d4c7e6f5a12) Importer(2089858483,b0f066a214c2f5e87bad3c948f4d605d)
Start importing Packages/com.coplaydev.unity-mcp/Editor/Helpers/ExecPath.cs using Guid(8f2b7b3e9c3e4a0f9b2a1d4c7e6f5a12) Importer(2089858483,b0f066a214c2f5e87bad3c948f4d605d) (ScriptedImporter) -> (artifact id: 'cf2f6446d9428561477224d824e92924') in 0.001916708 seconds
Number of updated asset objects reloaded before import = 0Number of asset objects unloaded after import = 0

========================================================================
Received Import Request.
  Time since last request: 0.000037 seconds.
  path: Assets/TextMesh Pro/Shaders/TMP_SDF-URP Unlit.shadergraph
  artifactKey: Guid(124c112a6e8f1a54e8b0870e881b56d8) Importer(2089858483,b0f066a214c2f5e87bad3c948f4d605d)
Start importing Assets/TextMesh Pro/Shaders/TMP_SDF-URP Unlit.shadergraph using Guid(124c112a6e8f1a54e8b0870e881b56d8) Importer(2089858483,b0f066a214c2f5e87bad3c948f4d605d) (ScriptedImporter) -> (artifact id: '2ccd5f1bb4bde97a68f415af2f8764c9') in 0.018420875 seconds
Number of updated asset objects reloaded before import = 0Number of asset objects unloaded after import = 4

========================================================================
Received Import Request.
  Time since last request: 0.000032 seconds.
  path: Assets/ScriptableObjects/Configurations/DefaultRunnerConfiguration.asset
  artifactKey: Guid(07c892a27dfab4bcebe87082406c54fd) Importer(2089858483,b0f066a214c2f5e87bad3c948f4d605d)
Start importing Assets/ScriptableObjects/Configurations/DefaultRunnerConfiguration.asset using Guid(07c892a27dfab4bcebe87082406c54fd) Importer(2089858483,b0f066a214c2f5e87bad3c948f4d605d) (ScriptedImporter) -> (artifact id: 'ad473d3c4428bf47d57467744a8ea877') in 0.004772125 seconds
Number of updated asset objects reloaded before import = 0Number of asset objects unloaded after import = 1

========================================================================
Received Import Request.
  Time since last request: 0.000030 seconds.
  path: Assets/Scripts/Speed/IVehicleSpeedProvider.cs
  artifactKey: Guid(f1111111111111111111111111111111) Importer(2089858483,b0f066a214c2f5e87bad3c948f4d605d)
Start importing Assets/Scripts/Speed/IVehicleSpeedProvider.cs using Guid(f1111111111111111111111111111111) Importer(2089858483,b0f066a214c2f5e87bad3c948f4d605d) (ScriptedImporter) -> (artifact id: '8175be127dc93aa07850540038ed319e') in 0.001282375 seconds
Number of updated asset objects reloaded before import = 0Number of asset objects unloaded after import = 0

========================================================================
Received Import Request.
  Time since last request: 0.000039 seconds.
  path: Packages/com.coplaydev.unity-mcp/Editor/Helpers/GameObjectLookup.cs
  artifactKey: Guid(4964205faa8dd4f8a960e58fd8c0d4f7) Importer(2089858483,b0f066a214c2f5e87bad3c948f4d605d)
Start importing Packages/com.coplaydev.unity-mcp/Editor/Helpers/GameObjectLookup.cs using Guid(4964205faa8dd4f8a960e58fd8c0d4f7) Importer(2089858483,b0f066a214c2f5e87bad3c948f4d605d) (ScriptedImporter) -> (artifact id: '1a881283dd1bb2404e13ca2a25ee9daf') in 0.001270875 seconds
Number of updated asset objects reloaded before import = 0Number of asset objects unloaded after import = 0

========================================================================
Received Import Request.
  Time since last request: 0.000031 seconds.
  path: Assets/Scripts/Speed/LocationPermissionService.cs
  artifactKey: Guid(ea179402a8163494394d7f85a8652131) Importer(2089858483,b0f066a214c2f5e87bad3c948f4d605d)
Start importing Assets/Scripts/Speed/LocationPermissionService.cs using Guid(ea179402a8163494394d7f85a8652131) Importer(2089858483,b0f066a214c2f5e87bad3c948f4d605d) (ScriptedImporter) -> (artifact id: 'a8d25117635c84432135fd79ac203099') in 0.001411167 seconds
Number of updated asset objects reloaded before import = 0Number of asset objects unloaded after import = 0

========================================================================
Received Import Request.
  Time since last request: 0.000035 seconds.
  path: Assets/Scripts/Speed/TimedSpeedSample.cs
  artifactKey: Guid(f837dcffe3772463480e4806590635d2) Importer(2089858483,b0f066a214c2f5e87bad3c948f4d605d)
Start importing Assets/Scripts/Speed/TimedSpeedSample.cs using Guid(f837dcffe3772463480e4806590635d2) Importer(2089858483,b0f066a214c2f5e87bad3c948f4d605d) (ScriptedImporter) -> (artifact id: '28099a4c18829faf6db991ef3f86eaa2') in 0.001121958 seconds
Number of updated asset objects reloaded before import = 0Number of asset objects unloaded after import = 0

========================================================================
Received Import Request.
  Time since last request: 0.000039 seconds.
  path: Assets/Scripts/Speed/VehicleSpeedReading.cs
  artifactKey: Guid(24e3274346fe34e7bb2ec62654195956) Importer(2089858483,b0f066a214c2f5e87bad3c948f4d605d)
Start importing Assets/Scripts/Speed/VehicleSpeedReading.cs using Guid(24e3274346fe34e7bb2ec62654195956) Importer(2089858483,b0f066a214c2f5e87bad3c948f4d605d) (ScriptedImporter) -> (artifact id: 'c157b1a20e6cc6a45521cc3d55c1929f') in 0.001149083 seconds
Number of updated asset objects reloaded before import = 0Number of asset objects unloaded after import = 0

========================================================================
Received Import Request.
  Time since last request: 0.000038 seconds.
  path: Packages/com.coplaydev.unity-mcp/Editor/Helpers/AssetGenPrefs.cs
  artifactKey: Guid(f7704064abf1412e890a066628bae30a) Importer(2089858483,b0f066a214c2f5e87bad3c948f4d605d)
Start importing Packages/com.coplaydev.unity-mcp/Editor/Helpers/AssetGenPrefs.cs using Guid(f7704064abf1412e890a066628bae30a) Importer(2089858483,b0f066a214c2f5e87bad3c948f4d605d) (ScriptedImporter) -> (artifact id: '054a9cdfe9bcbaf88e285f47db6d2d02') in 0.001097792 seconds
Number of updated asset objects reloaded before import = 0Number of asset objects unloaded after import = 0

========================================================================
Received Import Request.
  Time since last request: 0.000036 seconds.
  path: Assets/Scripts/UI/DebugSpeedPanel.cs
  artifactKey: Guid(05bc8f6c4a6674d9287bde8c9a7a8131) Importer(2089858483,b0f066a214c2f5e87bad3c948f4d605d)
Start importing Assets/Scripts/UI/DebugSpeedPanel.cs using Guid(05bc8f6c4a6674d9287bde8c9a7a8131) Importer(2089858483,b0f066a214c2f5e87bad3c948f4d605d) (ScriptedImporter) -> (artifact id: 'ea6306f6d5a562311834f3c07a4a4bae') in 0.001151875 seconds
Number of updated asset objects reloaded before import = 0Number of asset objects unloaded after import = 0

========================================================================
Received Import Request.
  Time since last request: 0.000023 seconds.
  path: Packages/com.coplaydev.unity-mcp/Editor/Helpers/UnityJsonSerializer.cs
  artifactKey: Guid(24d94c9c030bd4ff1ab208c748f26b01) Importer(2089858483,b0f066a214c2f5e87bad3c948f4d605d)
Start importing Packages/com.coplaydev.unity-mcp/Editor/Helpers/UnityJsonSerializer.cs using Guid(24d94c9c030bd4ff1ab208c748f26b01) Importer(2089858483,b0f066a214c2f5e87bad3c948f4d605d) (ScriptedImporter) -> (artifact id: 'ebfaa89caa699f6d0b49350b28b23f96') in 0.00098025 seconds
Number of updated asset objects reloaded before import = 0Number of asset objects unloaded after import = 0

========================================================================
Received Import Request.
  Time since last request: 0.000036 seconds.
  path: Packages/com.coplaydev.unity-mcp/package.json
  artifactKey: Guid(a2f7ae0675bf4fb478a0a1df7a3f6c64) Importer(2089858483,b0f066a214c2f5e87bad3c948f4d605d)
Start importing Packages/com.coplaydev.unity-mcp/package.json using Guid(a2f7ae0675bf4fb478a0a1df7a3f6c64) Importer(2089858483,b0f066a214c2f5e87bad3c948f4d605d) (ScriptedImporter) -> (artifact id: '77e02763b631b1cb690f9c5c73b32f6f') in 0.001226666 seconds
Number of updated asset objects reloaded before import = 0Number of asset objects unloaded after import = 1

========================================================================
Received Import Request.
  Time since last request: 0.000028 seconds.
  path: Packages/com.coplaydev.unity-mcp/Editor/Models/McpClient.cs
  artifactKey: Guid(b1afa56984aec0d41808edcebf805e6a) Importer(2089858483,b0f066a214c2f5e87bad3c948f4d605d)
Start importing Packages/com.coplaydev.unity-mcp/Editor/Models/McpClient.cs using Guid(b1afa56984aec0d41808edcebf805e6a) Importer(2089858483,b0f066a214c2f5e87bad3c948f4d605d) (ScriptedImporter) -> (artifact id: 'f41381d449ecb628af1ffceab435ce30') in 0.001093416 seconds
Number of updated asset objects reloaded before import = 0Number of asset objects unloaded after import = 0

========================================================================
Received Import Request.
  Time since last request: 0.000032 seconds.
  path: Packages/com.coplaydev.unity-mcp/Editor/MCPForUnity.Editor.asmdef
  artifactKey: Guid(98f702da6ca044be59a864a9419c4eab) Importer(2089858483,b0f066a214c2f5e87bad3c948f4d605d)
Start importing Packages/com.coplaydev.unity-mcp/Editor/MCPForUnity.Editor.asmdef using Guid(98f702da6ca044be59a864a9419c4eab) Importer(2089858483,b0f066a214c2f5e87bad3c948f4d605d) (ScriptedImporter) -> (artifact id: '73f3c7fcbc83dcbc4ac7f921a19cea11') in 0.001215583 seconds
Number of updated asset objects reloaded before import = 0Number of asset objects unloaded after import = 1

========================================================================
Received Import Request.
  Time since last request: 0.000032 seconds.
  path: Packages/com.coplaydev.unity-mcp/Editor/Helpers/McpJobStateStore.cs
  artifactKey: Guid(28912085dd68342f8a9fda8a43c83a59) Importer(2089858483,b0f066a214c2f5e87bad3c948f4d605d)
Start importing Packages/com.coplaydev.unity-mcp/Editor/Helpers/McpJobStateStore.cs using Guid(28912085dd68342f8a9fda8a43c83a59) Importer(2089858483,b0f066a214c2f5e87bad3c948f4d605d) (ScriptedImporter) -> (artifact id: 'c8a8c637fac8d75419868397bbf46a23') in 0.001957417 seconds
Number of updated asset objects reloaded before import = 0Number of asset objects unloaded after import = 0

========================================================================
Received Import Request.
  Time since last request: 0.000033 seconds.
  path: Assets/TextMesh Pro/Fonts/LiberationSans - OFL.txt
  artifactKey: Guid(6e59c59b81ab47f9b6ec5781fa725d2c) Importer(2089858483,b0f066a214c2f5e87bad3c948f4d605d)
Start importing Assets/TextMesh Pro/Fonts/LiberationSans - OFL.txt using Guid(6e59c59b81ab47f9b6ec5781fa725d2c) Importer(2089858483,b0f066a214c2f5e87bad3c948f4d605d) (ScriptedImporter) -> (artifact id: 'c47cd1c79847b8f8a631176600317b01') in 0.001378834 seconds
Number of updated asset objects reloaded before import = 0Number of asset objects unloaded after import = 1

========================================================================
Received Import Request.
  Time since last request: 0.000037 seconds.
  path: Assets/TextMesh Pro/Shaders/TMP_SDF-HDRP UNLIT.shadergraph
  artifactKey: Guid(f63d574838ccfb44f84acc05fed0af48) Importer(2089858483,b0f066a214c2f5e87bad3c948f4d605d)
Start importing Assets/TextMesh Pro/Shaders/TMP_SDF-HDRP UNLIT.shadergraph using Guid(f63d574838ccfb44f84acc05fed0af48) Importer(2089858483,b0f066a214c2f5e87bad3c948f4d605d) (ScriptedImporter) -> (artifact id: '330578bdf2de9b5645119ca23708ad7d') in 0.002832584 seconds
Number of updated asset objects reloaded before import = 0Number of asset objects unloaded after import = 3

========================================================================
Received Import Request.
  Time since last request: 0.000032 seconds.
  path: Assets/Tests/EditMode/VehicleSpeedMapperTests.cs
  artifactKey: Guid(5b0c7b32b4ff745b487679f442dbb3cb) Importer(2089858483,b0f066a214c2f5e87bad3c948f4d605d)
Start importing Assets/Tests/EditMode/VehicleSpeedMapperTests.cs using Guid(5b0c7b32b4ff745b487679f442dbb3cb) Importer(2089858483,b0f066a214c2f5e87bad3c948f4d605d) (ScriptedImporter) -> (artifact id: '968eedc2230cd3ccd40cb37b3252b457') in 0.001204791 seconds
Number of updated asset objects reloaded before import = 0Number of asset objects unloaded after import = 0

========================================================================
Received Import Request.
  Time since last request: 0.000600 seconds.
  path: Assets/TextMesh Pro/Shaders/TMP_SDF-Mobile Masking.shader
  artifactKey: Guid(bc1ede39bf3643ee8e493720e4259791) Importer(2089858483,b0f066a214c2f5e87bad3c948f4d605d)
Start importing Assets/TextMesh Pro/Shaders/TMP_SDF-Mobile Masking.shader using Guid(bc1ede39bf3643ee8e493720e4259791) Importer(2089858483,b0f066a214c2f5e87bad3c948f4d605d) (ScriptedImporter) -> (artifact id: 'e5c08ac1c6644d013c1495dade060e40') in 0.00153825 seconds
Number of updated asset objects reloaded before import = 0Number of asset objects unloaded after import = 1

========================================================================
Received Import Request.
  Time since last request: 0.000575 seconds.
  path: Packages/com.coplaydev.unity-mcp/Runtime/MCPForUnity.Runtime.asmdef
  artifactKey: Guid(562a750ff18ee4193928e885c708fee1) Importer(2089858483,b0f066a214c2f5e87bad3c948f4d605d)
Start importing Packages/com.coplaydev.unity-mcp/Runtime/MCPForUnity.Runtime.asmdef using Guid(562a750ff18ee4193928e885c708fee1) Importer(2089858483,b0f066a214c2f5e87bad3c948f4d605d) (ScriptedImporter) -> (artifact id: '84dbf43308ce334211e49f0e1ed105cc') in 0.001617708 seconds
Number of updated asset objects reloaded before import = 0Number of asset objects unloaded after import = 1

========================================================================
Received Import Request.
  Time since last request: 0.000418 seconds.
  path: Packages/com.coplaydev.unity-mcp/Editor/Helpers/ScreenshotPreferences.cs
  artifactKey: Guid(7c4f1a8e9b3d4d2eaf5c1d7b9e2f4a6c) Importer(2089858483,b0f066a214c2f5e87bad3c948f4d605d)
Start importing Packages/com.coplaydev.unity-mcp/Editor/Helpers/ScreenshotPreferences.cs using Guid(7c4f1a8e9b3d4d2eaf5c1d7b9e2f4a6c) Importer(2089858483,b0f066a214c2f5e87bad3c948f4d605d) (ScriptedImporter) -> (artifact id: '14d22b673743dae2ddf8d3549cfd6e6a') in 0.001306167 seconds
Number of updated asset objects reloaded before import = 0Number of asset objects unloaded after import = 0

========================================================================
Received Import Request.
  Time since last request: 0.000049 seconds.
  path: Packages/com.coplaydev.unity-mcp/Editor/Helpers/UnityTypeResolver.cs
  artifactKey: Guid(2cdf06f869b124741af31f27b25742db) Importer(2089858483,b0f066a214c2f5e87bad3c948f4d605d)
Start importing Packages/com.coplaydev.unity-mcp/Editor/Helpers/UnityTypeResolver.cs using Guid(2cdf06f869b124741af31f27b25742db) Importer(2089858483,b0f066a214c2f5e87bad3c948f4d605d) (ScriptedImporter) -> (artifact id: '1ae1ae6173f814e7596dde01fcdae248') in 0.001210209 seconds
Number of updated asset objects reloaded before import = 0Number of asset objects unloaded after import = 0

========================================================================
Received Import Request.
  Time since last request: 0.000059 seconds.
  path: Assets/TextMesh Pro/Shaders/TMP_SDF-Mobile SSD.shader
  artifactKey: Guid(c8d12adcee749c344b8117cf7c7eb912) Importer(2089858483,b0f066a214c2f5e87bad3c948f4d605d)
Start importing Assets/TextMesh Pro/Shaders/TMP_SDF-Mobile SSD.shader using Guid(c8d12adcee749c344b8117cf7c7eb912) Importer(2089858483,b0f066a214c2f5e87bad3c948f4d605d) (ScriptedImporter) -> (artifact id: '9878a8d198b8696b5adfb2d76470629e') in 0.001605583 seconds
Number of updated asset objects reloaded before import = 0Number of asset objects unloaded after import = 1

========================================================================
Received Import Request.
  Time since last request: 0.000052 seconds.
  path: Assets/Prefabs/Obstacles/SmallBoxObstacle.prefab
  artifactKey: Guid(a6666666666666666666666666666666) Importer(2089858483,b0f066a214c2f5e87bad3c948f4d605d)
Start importing Assets/Prefabs/Obstacles/SmallBoxObstacle.prefab using Guid(a6666666666666666666666666666666) Importer(2089858483,b0f066a214c2f5e87bad3c948f4d605d) (ScriptedImporter) -> (artifact id: '9318586d826b15363b0cbf785bddc74d') in 0.020099541 seconds
Number of updated asset objects reloaded before import = 0Number of asset objects unloaded after import = 8

========================================================================
Received Import Request.
  Time since last request: 0.000032 seconds.
  path: Packages/com.coplaydev.unity-mcp/Editor/Helpers/RendererHelpers.cs
  artifactKey: Guid(8f3a7e2d5c1b4a9e6d0f8c3b2a1e5d7c) Importer(2089858483,b0f066a214c2f5e87bad3c948f4d605d)
Start importing Packages/com.coplaydev.unity-mcp/Editor/Helpers/RendererHelpers.cs using Guid(8f3a7e2d5c1b4a9e6d0f8c3b2a1e5d7c) Importer(2089858483,b0f066a214c2f5e87bad3c948f4d605d) (ScriptedImporter) -> (artifact id: '91a0868634a7095a5e1de26bcaaf7b93') in 0.0019265 seconds
Number of updated asset objects reloaded before import = 0Number of asset objects unloaded after import = 0

========================================================================
Received Prepare
WARNING: Shader Unsupported: 'Universal Render Pipeline/VR/SpatialMapping/Wireframe' - All subshaders removed
WARNING: Shader Did you use #pragma only_renderers and omit this platform?
WARNING: Shader If subshaders removal was intentional, you may have forgotten turning Fallback off?
WARNING: Shader Unsupported: 'Universal Render Pipeline/VR/SpatialMapping/Wireframe' - All subshaders removed
WARNING: Shader Did you use #pragma only_renderers and omit this platform?
WARNING: Shader If subshaders removal was intentional, you may have forgotten turning Fallback off?
Refreshing native plugins compatible for Editor in 0.84 ms, found 3 plugins.
Preloading 0 native plugins for Editor in 0.00 ms.
Unloading 31 Unused Serialized files (Serialized files now loaded: 0)
Unloading 49 unused Assets / (2.3 MB). Loaded Objects now: 8322.
Memory consumption went from 168.3 MB to 166.0 MB.
Total: 4.515250 ms (FindLiveObjects: 0.149125 ms CreateObjectMapping: 0.063916 ms MarkObjects: 4.016459 ms  DeleteObjects: 0.285458 ms)

Prepare: number of updated asset objects reloaded= 0
========================================================================
Received Import Request.
  Time since last request: 0.208504 seconds.
  path: Packages/com.coplaydev.unity-mcp/Editor/Services/ResourceDiscoveryService.cs
  artifactKey: Guid(66ce49d2cc47a4bd3aa85ac9f099b757) Importer(2089858483,b0f066a214c2f5e87bad3c948f4d605d)
Start importing Packages/com.coplaydev.unity-mcp/Editor/Services/ResourceDiscoveryService.cs using Guid(66ce49d2cc47a4bd3aa85ac9f099b757) Importer(2089858483,b0f066a214c2f5e87bad3c948f4d605d) (ScriptedImporter) -> (artifact id: '3b6da21e1c4ec7ce59e03b34cc10d410') in 0.001520125 seconds
Number of updated asset objects reloaded before import = 0Number of asset objects unloaded after import = 0

========================================================================
Received Import Request.
  Time since last request: 0.000034 seconds.
  path: Packages/com.coplaydev.unity-mcp/Editor/Services/McpEditorShutdownCleanup.cs
  artifactKey: Guid(4150c04e0907c45d7b332260911a0567) Importer(2089858483,b0f066a214c2f5e87bad3c948f4d605d)
Start importing Packages/com.coplaydev.unity-mcp/Editor/Services/McpEditorShutdownCleanup.cs using Guid(4150c04e0907c45d7b332260911a0567) Importer(2089858483,b0f066a214c2f5e87bad3c948f4d605d) (ScriptedImporter) -> (artifact id: 'b54ae0bb2f74922c21c711a7c1300b85') in 0.001109792 seconds
Number of updated asset objects reloaded before import = 0Number of asset objects unloaded after import = 0

========================================================================
Received Import Request.
  Time since last request: 0.000040 seconds.
  path: Packages/com.coplaydev.unity-mcp/Editor/Services/IPackageUpdateService.cs
  artifactKey: Guid(e94ae28f193184e4fb5068f62f4f00c6) Importer(2089858483,b0f066a214c2f5e87bad3c948f4d605d)
Start importing Packages/com.coplaydev.unity-mcp/Editor/Services/IPackageUpdateService.cs using Guid(e94ae28f193184e4fb5068f62f4f00c6) Importer(2089858483,b0f066a214c2f5e87bad3c948f4d605d) (ScriptedImporter) -> (artifact id: '6478042918373fcb1a4ddea794f80b1b') in 0.001264709 seconds
Number of updated asset objects reloaded before import = 0Number of asset objects unloaded after import = 0

========================================================================
Received Import Request.
  Time since last request: 0.000037 seconds.
  path: Packages/com.coplaydev.unity-mcp/Editor/Services/PackageUpdateService.cs
  artifactKey: Guid(7c3c2304b14e9485ca54182fad73b035) Importer(2089858483,b0f066a214c2f5e87bad3c948f4d605d)
Start importing Packages/com.coplaydev.unity-mcp/Editor/Services/PackageUpdateService.cs using Guid(7c3c2304b14e9485ca54182fad73b035) Importer(2089858483,b0f066a214c2f5e87bad3c948f4d605d) (ScriptedImporter) -> (artifact id: '42d35f55cb981aae0f783b73bf258695') in 0.001301792 seconds
Number of updated asset objects reloaded before import = 0Number of asset objects unloaded after import = 0

========================================================================
Received Import Request.
  Time since last request: 0.000033 seconds.
  path: Packages/com.coplaydev.unity-mcp/Editor/Tools/BatchExecute.cs
  artifactKey: Guid(4e1e2d8f3a454a37b18d06a7a7b6c3fb) Importer(2089858483,b0f066a214c2f5e87bad3c948f4d605d)
Start importing Packages/com.coplaydev.unity-mcp/Editor/Tools/BatchExecute.cs using Guid(4e1e2d8f3a454a37b18d06a7a7b6c3fb) Importer(2089858483,b0f066a214c2f5e87bad3c948f4d605d) (ScriptedImporter) -> (artifact id: '35d99114546ae8b2a7b8c13ac06742a2') in 0.001307625 seconds
Number of updated asset objects reloaded before import = 0Number of asset objects unloaded after import = 0

========================================================================
Received Import Request.
  Time since last request: 0.000036 seconds.
  path: Packages/com.coplaydev.unity-mcp/Editor/Services/PlatformService.cs
  artifactKey: Guid(3b2d7f32a595c45dd8c01f141c69761c) Importer(2089858483,b0f066a214c2f5e87bad3c948f4d605d)
Start importing Packages/com.coplaydev.unity-mcp/Editor/Services/PlatformService.cs using Guid(3b2d7f32a595c45dd8c01f141c69761c) Importer(2089858483,b0f066a214c2f5e87bad3c948f4d605d) (ScriptedImporter) -> (artifact id: '72709d6b3b58c978311a481e660a064d') in 0.00126825 seconds
Number of updated asset objects reloaded before import = 0Number of asset objects unloaded after import = 0

========================================================================
Received Import Request.
  Time since last request: 0.000034 seconds.
  path: Packages/com.coplaydev.unity-mcp/Editor/Services/PackageDeploymentService.cs
  artifactKey: Guid(0b1f45e4e5d24413a6f1c8c0d8c5f2f1) Importer(2089858483,b0f066a214c2f5e87bad3c948f4d605d)
Start importing Packages/com.coplaydev.unity-mcp/Editor/Services/PackageDeploymentService.cs using Guid(0b1f45e4e5d24413a6f1c8c0d8c5f2f1) Importer(2089858483,b0f066a214c2f5e87bad3c948f4d605d) (ScriptedImporter) -> (artifact id: '2754ac66448400938c66a4c248f3c88f') in 0.001281333 seconds
Number of updated asset objects reloaded before import = 0Number of asset objects unloaded after import = 0

========================================================================
Received Import Request.
  Time since last request: 0.000032 seconds.
  path: Packages/com.coplaydev.unity-mcp/Editor/Services/PathResolverService.cs
  artifactKey: Guid(00a6188fd15a847fa8cc7cb7a4ce3dce) Importer(2089858483,b0f066a214c2f5e87bad3c948f4d605d)
Start importing Packages/com.coplaydev.unity-mcp/Editor/Services/PathResolverService.cs using Guid(00a6188fd15a847fa8cc7cb7a4ce3dce) Importer(2089858483,b0f066a214c2f5e87bad3c948f4d605d) (ScriptedImporter) -> (artifact id: '8b1f550312fb770de9d90a6988777674') in 0.001278708 seconds
Number of updated asset objects reloaded before import = 0Number of asset objects unloaded after import = 0

========================================================================
Received Import Request.
  Time since last request: 0.000047 seconds.
  path: Packages/com.coplaydev.unity-mcp/Editor/Services/StdioBridgeReloadHandler.cs
  artifactKey: Guid(6e603c72a87974cf5b495cd683165fbf) Importer(2089858483,b0f066a214c2f5e87bad3c948f4d605d)
Start importing Packages/com.coplaydev.unity-mcp/Editor/Services/StdioBridgeReloadHandler.cs using Guid(6e603c72a87974cf5b495cd683165fbf) Importer(2089858483,b0f066a214c2f5e87bad3c948f4d605d) (ScriptedImporter) -> (artifact id: '9159edf87ac85fca8cd214145a79e584') in 0.001275083 seconds
Number of updated asset objects reloaded before import = 0Number of asset objects unloaded after import = 0

========================================================================
Received Import Request.
  Time since last request: 0.000034 seconds.
  path: Packages/com.coplaydev.unity-mcp/Runtime/Helpers/UnityCompatShims.cs
  artifactKey: Guid(8f3c6d4e5a7b4f3eb1c2d6a8e9f1b3d5) Importer(2089858483,b0f066a214c2f5e87bad3c948f4d605d)
Start importing Packages/com.coplaydev.unity-mcp/Runtime/Helpers/UnityCompatShims.cs using Guid(8f3c6d4e5a7b4f3eb1c2d6a8e9f1b3d5) Importer(2089858483,b0f066a214c2f5e87bad3c948f4d605d) (ScriptedImporter) -> (artifact id: '088e99bd022abad2ab6071050e3b3cb7') in 0.001235833 seconds
Number of updated asset objects reloaded before import = 0Number of asset objects unloaded after import = 0

========================================================================
Received Import Request.
  Time since last request: 0.000037 seconds.
  path: Packages/com.coplaydev.unity-mcp/Editor/Tools/ReadConsole.cs
  artifactKey: Guid(46c4f3614ed61f547ba823f0b2790267) Importer(2089858483,b0f066a214c2f5e87bad3c948f4d605d)
Start importing Packages/com.coplaydev.unity-mcp/Editor/Tools/ReadConsole.cs using Guid(46c4f3614ed61f547ba823f0b2790267) Importer(2089858483,b0f066a214c2f5e87bad3c948f4d605d) (ScriptedImporter) -> (artifact id: 'd4291bd3660da2330ffe037731abb542') in 0.001260833 seconds
Number of updated asset objects reloaded before import = 0Number of asset objects unloaded after import = 0

========================================================================
Received Import Request.
  Time since last request: 0.000039 seconds.
  path: Packages/com.coplaydev.unity-mcp/Editor/Tools/ManageShader.cs
  artifactKey: Guid(bcf4f1f3110494344b2af9324cf5c571) Importer(2089858483,b0f066a214c2f5e87bad3c948f4d605d)
Start importing Packages/com.coplaydev.unity-mcp/Editor/Tools/ManageShader.cs using Guid(bcf4f1f3110494344b2af9324cf5c571) Importer(2089858483,b0f066a214c2f5e87bad3c948f4d605d) (ScriptedImporter) -> (artifact id: '5e02880d705c648b4f9fe1b1af48fd4c') in 0.001405167 seconds
Number of updated asset objects reloaded before import = 0Number of asset objects unloaded after import = 0

========================================================================
Received Import Request.
  Time since last request: 0.000030 seconds.
  path: Packages/com.coplaydev.unity-mcp/Editor/Setup/SetupWindowService.cs
  artifactKey: Guid(d1bf468667bb649989e3ef53dafddea6) Importer(2089858483,b0f066a214c2f5e87bad3c948f4d605d)
Start importing Packages/com.coplaydev.unity-mcp/Editor/Setup/SetupWindowService.cs using Guid(d1bf468667bb649989e3ef53dafddea6) Importer(2089858483,b0f066a214c2f5e87bad3c948f4d605d) (ScriptedImporter) -> (artifact id: '9db88935efb1494c5687002c7d0d83fc') in 0.001347666 seconds
Number of updated asset objects reloaded before import = 0Number of asset objects unloaded after import = 0

========================================================================
Received Import Request.
  Time since last request: 0.000032 seconds.
  path: Packages/com.coplaydev.unity-mcp/Runtime/Helpers/UnityAssembliesCompat.cs
  artifactKey: Guid(feef0112fe7e7b8b1928f08d0b97272e) Importer(2089858483,b0f066a214c2f5e87bad3c948f4d605d)
Start importing Packages/com.coplaydev.unity-mcp/Runtime/Helpers/UnityAssembliesCompat.cs using Guid(feef0112fe7e7b8b1928f08d0b97272e) Importer(2089858483,b0f066a214c2f5e87bad3c948f4d605d) (ScriptedImporter) -> (artifact id: '79057b980b7a459fee08bdc8a6cdb7ce') in 0.001274042 seconds
Number of updated asset objects reloaded before import = 0Number of asset objects unloaded after import = 0

========================================================================
Received Import Request.
  Time since last request: 0.000036 seconds.
  path: Packages/com.coplaydev.unity-mcp/Editor/Tools/JsonUtil.cs
  artifactKey: Guid(d4b3b6009d53e4b8f97fe7ab57888c65) Importer(2089858483,b0f066a214c2f5e87bad3c948f4d605d)
Start importing Packages/com.coplaydev.unity-mcp/Editor/Tools/JsonUtil.cs using Guid(d4b3b6009d53e4b8f97fe7ab57888c65) Importer(2089858483,b0f066a214c2f5e87bad3c948f4d605d) (ScriptedImporter) -> (artifact id: 'a04bd65b9dedc8a31c52ec8e697876be') in 0.002016792 seconds
Number of updated asset objects reloaded before import = 0Number of asset objects unloaded after import = 0

========================================================================
Received Import Request.
  Time since last request: 0.000021 seconds.
  path: Packages/com.coplaydev.unity-mcp/Editor/Windows/MCPSetupWindow.uss
  artifactKey: Guid(b4426760e34ff484a8ed955e588b570b) Importer(2089858483,b0f066a214c2f5e87bad3c948f4d605d)
Start importing Packages/com.coplaydev.unity-mcp/Editor/Windows/MCPSetupWindow.uss using Guid(b4426760e34ff484a8ed955e588b570b) Importer(2089858483,b0f066a214c2f5e87bad3c948f4d605d) (ScriptedImporter) -> (artifact id: 'f5d9716438062a17b6a41b6e94638cd3') in 0.004934958 seconds
Number of updated asset objects reloaded before import = 0Number of asset objects unloaded after import = 1

========================================================================
Received Import Request.
  Time since last request: 0.000030 seconds.
  path: Packages/com.coplaydev.unity-mcp/Editor/Clients/Configurators/TraeConfigurator.cs
  artifactKey: Guid(b3ab39e22ae0948ab94beae307f9902e) Importer(2089858483,b0f066a214c2f5e87bad3c948f4d605d)
Start importing Packages/com.coplaydev.unity-mcp/Editor/Clients/Configurators/TraeConfigurator.cs using Guid(b3ab39e22ae0948ab94beae307f9902e) Importer(2089858483,b0f066a214c2f5e87bad3c948f4d605d) (ScriptedImporter) -> (artifact id: '1a36bac42abb57fdd67581824a04e20e') in 0.001501833 seconds
Number of updated asset objects reloaded before import = 0Number of asset objects unloaded after import = 0

========================================================================
Received Import Request.
  Time since last request: 0.000031 seconds.
  path: Packages/com.coplaydev.unity-mcp/Editor/Clients/Configurators/OpenClawConfigurator.cs
  artifactKey: Guid(19f29c88761345158fc766d24e7c18f3) Importer(2089858483,b0f066a214c2f5e87bad3c948f4d605d)
Start importing Packages/com.coplaydev.unity-mcp/Editor/Clients/Configurators/OpenClawConfigurator.cs using Guid(19f29c88761345158fc766d24e7c18f3) Importer(2089858483,b0f066a214c2f5e87bad3c948f4d605d) (ScriptedImporter) -> (artifact id: 'c4686732731418581acdc0a839b4add7') in 0.001356958 seconds
Number of updated asset objects reloaded before import = 0Number of asset objects unloaded after import = 0

========================================================================
Received Import Request.
  Time since last request: 0.000032 seconds.
  path: Packages/com.coplaydev.unity-mcp/Editor/Clients/Configurators/ClineConfigurator.cs
  artifactKey: Guid(6b8abf0951c7413d9ff97a053b0adf2d) Importer(2089858483,b0f066a214c2f5e87bad3c948f4d605d)
Start importing Packages/com.coplaydev.unity-mcp/Editor/Clients/Configurators/ClineConfigurator.cs using Guid(6b8abf0951c7413d9ff97a053b0adf2d) Importer(2089858483,b0f066a214c2f5e87bad3c948f4d605d) (ScriptedImporter) -> (artifact id: 'c8779e343ac7f263de0098e4a147932f') in 0.001309 seconds
Number of updated asset objects reloaded before import = 0Number of asset objects unloaded after import = 0

========================================================================
Received Import Request.
  Time since last request: 0.000049 seconds.
  path: Packages/com.coplaydev.unity-mcp/Editor/Services/IToolDiscoveryService.cs
  artifactKey: Guid(497592a93fd994b2cb9803e7c8636ff7) Importer(2089858483,b0f066a214c2f5e87bad3c948f4d605d)
Start importing Packages/com.coplaydev.unity-mcp/Editor/Services/IToolDiscoveryService.cs using Guid(497592a93fd994b2cb9803e7c8636ff7) Importer(2089858483,b0f066a214c2f5e87bad3c948f4d605d) (ScriptedImporter) -> (artifact id: '220937762fbf6a0ce419239fd79f560a') in 0.001337625 seconds
Number of updated asset objects reloaded before import = 0Number of asset objects unloaded after import = 0

========================================================================
Received Import Request.
  Time since last request: 0.000030 seconds.
  path: Packages/com.coplaydev.unity-mcp/Editor/Setup/SkillSyncService.cs
  artifactKey: Guid(a3f7b2c1d4e5f6a7b8c9d0e1f2a3b4c5) Importer(2089858483,b0f066a214c2f5e87bad3c948f4d605d)
Start importing Packages/com.coplaydev.unity-mcp/Editor/Setup/SkillSyncService.cs using Guid(a3f7b2c1d4e5f6a7b8c9d0e1f2a3b4c5) Importer(2089858483,b0f066a214c2f5e87bad3c948f4d605d) (ScriptedImporter) -> (artifact id: '24c7fabd9c73d730e660f4eab70d050c') in 0.00111525 seconds
Number of updated asset objects reloaded before import = 0Number of asset objects unloaded after import = 0

========================================================================
Received Import Request.
  Time since last request: 0.000034 seconds.
  path: Packages/com.coplaydev.unity-mcp/Editor/Tools/RefreshUnity.cs
  artifactKey: Guid(c2c02170faca940d09c813706493ecb3) Importer(2089858483,b0f066a214c2f5e87bad3c948f4d605d)
Start importing Packages/com.coplaydev.unity-mcp/Editor/Tools/RefreshUnity.cs using Guid(c2c02170faca940d09c813706493ecb3) Importer(2089858483,b0f066a214c2f5e87bad3c948f4d605d) (ScriptedImporter) -> (artifact id: 'a91744cb0d11a01bddf06a5678d60540') in 0.001142208 seconds
Number of updated asset objects reloaded before import = 0Number of asset objects unloaded after import = 0

========================================================================
Received Import Request.
  Time since last request: 0.000030 seconds.
  path: Packages/com.coplaydev.unity-mcp/Editor/Clients/Configurators/GeminiCliConfigurator.cs
  artifactKey: Guid(c5e9bbb45e552453ab5cb557a22d43e7) Importer(2089858483,b0f066a214c2f5e87bad3c948f4d605d)
Start importing Packages/com.coplaydev.unity-mcp/Editor/Clients/Configurators/GeminiCliConfigurator.cs using Guid(c5e9bbb45e552453ab5cb557a22d43e7) Importer(2089858483,b0f066a214c2f5e87bad3c948f4d605d) (ScriptedImporter) -> (artifact id: '7dd1c439616d0db2c6835cec67e8a504') in 0.001216417 seconds
Number of updated asset objects reloaded before import = 0Number of asset objects unloaded after import = 0

========================================================================
Received Import Request.
  Time since last request: 0.000038 seconds.
  path: Packages/com.coplaydev.unity-mcp/Runtime/Helpers/ScreenshotUtility.cs
  artifactKey: Guid(b33f3e9c912b4f17a5a4374e4f6c2a91) Importer(2089858483,b0f066a214c2f5e87bad3c948f4d605d)
Start importing Packages/com.coplaydev.unity-mcp/Runtime/Helpers/ScreenshotUtility.cs using Guid(b33f3e9c912b4f17a5a4374e4f6c2a91) Importer(2089858483,b0f066a214c2f5e87bad3c948f4d605d) (ScriptedImporter) -> (artifact id: '9fa68c829556f891bdcbed99a22f23fe') in 0.001216833 seconds
Number of updated asset objects reloaded before import = 0Number of asset objects unloaded after import = 0

========================================================================
Received Import Request.
  Time since last request: 0.000037 seconds.
  path: Packages/com.coplaydev.unity-mcp/Editor/Clients/Configurators/RiderConfigurator.cs
  artifactKey: Guid(2511b0d05271d486bb61f8cc9fd11363) Importer(2089858483,b0f066a214c2f5e87bad3c948f4d605d)
Start importing Packages/com.coplaydev.unity-mcp/Editor/Clients/Configurators/RiderConfigurator.cs using Guid(2511b0d05271d486bb61f8cc9fd11363) Importer(2089858483,b0f066a214c2f5e87bad3c948f4d605d) (ScriptedImporter) -> (artifact id: 'b881e0ebaba0accea96de50dd95c8a1a') in 0.001607375 seconds
Number of updated asset objects reloaded before import = 0Number of asset objects unloaded after import = 0

========================================================================
Received Import Request.
  Time since last request: 0.000033 seconds.
  path: Packages/com.coplaydev.unity-mcp/Editor/Tools/ExecuteMenuItem.cs
  artifactKey: Guid(269232350d16a464091aea9e9fcc9b55) Importer(2089858483,b0f066a214c2f5e87bad3c948f4d605d)
Start importing Packages/com.coplaydev.unity-mcp/Editor/Tools/ExecuteMenuItem.cs using Guid(269232350d16a464091aea9e9fcc9b55) Importer(2089858483,b0f066a214c2f5e87bad3c948f4d605d) (ScriptedImporter) -> (artifact id: '2162e9ae389d061a5e56cf843a718946') in 0.0012045 seconds
Number of updated asset objects reloaded before import = 0Number of asset objects unloaded after import = 0

========================================================================
Received Import Request.
  Time since last request: 0.000054 seconds.
  path: Packages/com.coplaydev.unity-mcp/Editor/Services/ServerManagementService.cs
  artifactKey: Guid(8e60df35c5a76462d8aaa8078da86d75) Importer(2089858483,b0f066a214c2f5e87bad3c948f4d605d)
Start importing Packages/com.coplaydev.unity-mcp/Editor/Services/ServerManagementService.cs using Guid(8e60df35c5a76462d8aaa8078da86d75) Importer(2089858483,b0f066a214c2f5e87bad3c948f4d605d) (ScriptedImporter) -> (artifact id: 'b934cee2ec79345a1989b2128b88f3f5') in 0.001476417 seconds
Number of updated asset objects reloaded before import = 0Number of asset objects unloaded after import = 0

========================================================================
Received Import Request.
  Time since last request: 0.000041 seconds.
  path: Packages/com.coplaydev.unity-mcp/Editor/Tools/UnityReflect.cs
  artifactKey: Guid(0c4c69cbc2a24f968f2227dd465e3213) Importer(2089858483,b0f066a214c2f5e87bad3c948f4d605d)
Start importing Packages/com.coplaydev.unity-mcp/Editor/Tools/UnityReflect.cs using Guid(0c4c69cbc2a24f968f2227dd465e3213) Importer(2089858483,b0f066a214c2f5e87bad3c948f4d605d) (ScriptedImporter) -> (artifact id: '03dff35d876ce0393b939d7dbbe83e0f') in 0.001444834 seconds
Number of updated asset objects reloaded before import = 0Number of asset objects unloaded after import = 0

========================================================================
Received Import Request.
  Time since last request: 0.000059 seconds.
  path: Packages/com.coplaydev.unity-mcp/Editor/Clients/Configurators/KimiCodeConfigurator.cs
  artifactKey: Guid(562758226f6844438b5b1ae03a2cc7b7) Importer(2089858483,b0f066a214c2f5e87bad3c948f4d605d)
Start importing Packages/com.coplaydev.unity-mcp/Editor/Clients/Configurators/KimiCodeConfigurator.cs using Guid(562758226f6844438b5b1ae03a2cc7b7) Importer(2089858483,b0f066a214c2f5e87bad3c948f4d605d) (ScriptedImporter) -> (artifact id: '4bfa854008469d8d980c396490041b59') in 0.001328792 seconds
Number of updated asset objects reloaded before import = 0Number of asset objects unloaded after import = 0

========================================================================
Received Import Request.
  Time since last request: 0.000028 seconds.
  path: Packages/com.coplaydev.unity-mcp/Editor/Clients/Configurators/KiloCodeConfigurator.cs
  artifactKey: Guid(3286d62ffe5644f5ea60488fd7e6513d) Importer(2089858483,b0f066a214c2f5e87bad3c948f4d605d)
Start importing Packages/com.coplaydev.unity-mcp/Editor/Clients/Configurators/KiloCodeConfigurator.cs using Guid(3286d62ffe5644f5ea60488fd7e6513d) Importer(2089858483,b0f066a214c2f5e87bad3c948f4d605d) (ScriptedImporter) -> (artifact id: '290fe89400e72b8b0279b3b9ebf8d953') in 0.0013895 seconds
Number of updated asset objects reloaded before import = 0Number of asset objects unloaded after import = 0

========================================================================
Received Import Request.
  Time since last request: 0.000036 seconds.
  path: Packages/com.coplaydev.unity-mcp/Editor/Windows/MCPForUnityEditorWindow.cs
  artifactKey: Guid(9f0c6e1d3e4d5e6f7a8b9c0d1e2f3a4d) Importer(2089858483,b0f066a214c2f5e87bad3c948f4d605d)
Start importing Packages/com.coplaydev.unity-mcp/Editor/Windows/MCPForUnityEditorWindow.cs using Guid(9f0c6e1d3e4d5e6f7a8b9c0d1e2f3a4d) Importer(2089858483,b0f066a214c2f5e87bad3c948f4d605d) (ScriptedImporter) -> (artifact id: '6ec3821b15923bcbfc3a00a669d589eb') in 0.001516708 seconds
Number of updated asset objects reloaded before import = 0Number of asset objects unloaded after import = 0

========================================================================
Received Import Request.
  Time since last request: 0.000046 seconds.
  path: Packages/com.coplaydev.unity-mcp/Runtime/Helpers/UnityPhysicsCompat.cs
  artifactKey: Guid(94833dcb3434af57591bf6eac4b7f9aa) Importer(2089858483,b0f066a214c2f5e87bad3c948f4d605d)
Start importing Packages/com.coplaydev.unity-mcp/Runtime/Helpers/UnityPhysicsCompat.cs using Guid(94833dcb3434af57591bf6eac4b7f9aa) Importer(2089858483,b0f066a214c2f5e87bad3c948f4d605d) (ScriptedImporter) -> (artifact id: '2233e0607b5402569db3f2b9ff8cf649') in 0.001502584 seconds
Number of updated asset objects reloaded before import = 0Number of asset objects unloaded after import = 0

========================================================================
Received Import Request.
  Time since last request: 0.000098 seconds.
  path: Packages/com.coplaydev.unity-mcp/Editor/Services/IPathResolverService.cs
  artifactKey: Guid(1e8d388be507345aeb0eaf27fbd3c022) Importer(2089858483,b0f066a214c2f5e87bad3c948f4d605d)
Start importing Packages/com.coplaydev.unity-mcp/Editor/Services/IPathResolverService.cs using Guid(1e8d388be507345aeb0eaf27fbd3c022) Importer(2089858483,b0f066a214c2f5e87bad3c948f4d605d) (ScriptedImporter) -> (artifact id: 'e3a85991c3ec394d2aabbd7b1f9410c4') in 0.001482625 seconds
Number of updated asset objects reloaded before import = 0Number of asset objects unloaded after import = 0

========================================================================
Received Import Request.
  Time since last request: 0.000073 seconds.
  path: Packages/com.coplaydev.unity-mcp/Editor/Services/HttpAutoStartHandler.cs
  artifactKey: Guid(3d8f1790992fe0742938d8a879056ee6) Importer(2089858483,b0f066a214c2f5e87bad3c948f4d605d)
Start importing Packages/com.coplaydev.unity-mcp/Editor/Services/HttpAutoStartHandler.cs using Guid(3d8f1790992fe0742938d8a879056ee6) Importer(2089858483,b0f066a214c2f5e87bad3c948f4d605d) (ScriptedImporter) -> (artifact id: 'c2d440e13fd4632cc9c4565edb2029bc') in 0.001773541 seconds
Number of updated asset objects reloaded before import = 0Number of asset objects unloaded after import = 0

========================================================================
Received Import Request.
  Time since last request: 0.000034 seconds.
  path: Packages/com.coplaydev.unity-mcp/Editor/Services/EditorConfigurationCache.cs
  artifactKey: Guid(b4a183ac9b63c408886bce40ae58f462) Importer(2089858483,b0f066a214c2f5e87bad3c948f4d605d)
Start importing Packages/com.coplaydev.unity-mcp/Editor/Services/EditorConfigurationCache.cs using Guid(b4a183ac9b63c408886bce40ae58f462) Importer(2089858483,b0f066a214c2f5e87bad3c948f4d605d) (ScriptedImporter) -> (artifact id: '421422b2baa256d9dd0c3edc2d21404c') in 0.00162175 seconds
Number of updated asset objects reloaded before import = 0Number of asset objects unloaded after import = 0

========================================================================
Received Import Request.
  Time since last request: 0.000039 seconds.
  path: Packages/com.coplaydev.unity-mcp/Runtime/Serialization/UnityTypeConverters.cs
  artifactKey: Guid(e65311c160f0d41d4a1b45a3dba8dd5a) Importer(2089858483,b0f066a214c2f5e87bad3c948f4d605d)
Start importing Packages/com.coplaydev.unity-mcp/Runtime/Serialization/UnityTypeConverters.cs using Guid(e65311c160f0d41d4a1b45a3dba8dd5a) Importer(2089858483,b0f066a214c2f5e87bad3c948f4d605d) (ScriptedImporter) -> (artifact id: '141cdcd18a92da0980559d003b5de508') in 0.001533208 seconds
Number of updated asset objects reloaded before import = 0Number of asset objects unloaded after import = 0

========================================================================
Received Import Request.
  Time since last request: 0.000051 seconds.
  path: Packages/com.coplaydev.unity-mcp/Editor/Dependencies/PlatformDetectors/PlatformDetectorBase.cs
  artifactKey: Guid(44d715aedea2b8b41bf914433bbb2c49) Importer(2089858483,b0f066a214c2f5e87bad3c948f4d605d)
Start importing Packages/com.coplaydev.unity-mcp/Editor/Dependencies/PlatformDetectors/PlatformDetectorBase.cs using Guid(44d715aedea2b8b41bf914433bbb2c49) Importer(2089858483,b0f066a214c2f5e87bad3c948f4d605d) (ScriptedImporter) -> (artifact id: 'c3459d4c756f1e87aaec2a74b35cef58') in 0.001518458 seconds
Number of updated asset objects reloaded before import = 0Number of asset objects unloaded after import = 0

========================================================================
Received Import Request.
  Time since last request: 0.000041 seconds.
  path: Packages/com.coplaydev.unity-mcp/Editor/Clients/Configurators/CodexConfigurator.cs
  artifactKey: Guid(c7037ef8b168e49f79247cb31c3be75a) Importer(2089858483,b0f066a214c2f5e87bad3c948f4d605d)
Start importing Packages/com.coplaydev.unity-mcp/Editor/Clients/Configurators/CodexConfigurator.cs using Guid(c7037ef8b168e49f79247cb31c3be75a) Importer(2089858483,b0f066a214c2f5e87bad3c948f4d605d) (ScriptedImporter) -> (artifact id: '73baa7fef872166cffed9f69a7275d72') in 0.001472208 seconds
Number of updated asset objects reloaded before import = 0Number of asset objects unloaded after import = 0

========================================================================
Received Import Request.
  Time since last request: 0.000037 seconds.
  path: Packages/com.coplaydev.unity-mcp/Editor/Windows/MCPForUnityEditorWindow.uxml
  artifactKey: Guid(7f8a4e9c1d2b3e4f5a6b7c8d9e0f1a2b) Importer(2089858483,b0f066a214c2f5e87bad3c948f4d605d)
Start importing Packages/com.coplaydev.unity-mcp/Editor/Windows/MCPForUnityEditorWindow.uxml using Guid(7f8a4e9c1d2b3e4f5a6b7c8d9e0f1a2b) Importer(2089858483,b0f066a214c2f5e87bad3c948f4d605d) (ScriptedImporter) -> (artifact id: '1eb23d0775c945897d0ab49761720600') in 0.030387458 seconds
Number of updated asset objects reloaded before import = 0Number of asset objects unloaded after import = 2

========================================================================
Received Import Request.
  Time since last request: 0.000091 seconds.
  path: Packages/com.coplaydev.unity-mcp/Editor/Clients/Configurators/CopilotCliConfigurator.cs
  artifactKey: Guid(14a4b9a7f749248d496466c2a3a53e56) Importer(2089858483,b0f066a214c2f5e87bad3c948f4d605d)
Start importing Packages/com.coplaydev.unity-mcp/Editor/Clients/Configurators/CopilotCliConfigurator.cs using Guid(14a4b9a7f749248d496466c2a3a53e56) Importer(2089858483,b0f066a214c2f5e87bad3c948f4d605d) (ScriptedImporter) -> (artifact id: 'ed28fc228c8e9c67fb2ec4dd85352f95') in 0.001393292 seconds
Number of updated asset objects reloaded before import = 0Number of asset objects unloaded after import = 0

========================================================================
Received Import Request.
  Time since last request: 0.000029 seconds.
  path: Packages/com.coplaydev.unity-mcp/Editor/Clients/Configurators/QwenCodeConfigurator.cs
  artifactKey: Guid(46891bcdb00e468cbd04afbfb8f3095e) Importer(2089858483,b0f066a214c2f5e87bad3c948f4d605d)
Start importing Packages/com.coplaydev.unity-mcp/Editor/Clients/Configurators/QwenCodeConfigurator.cs using Guid(46891bcdb00e468cbd04afbfb8f3095e) Importer(2089858483,b0f066a214c2f5e87bad3c948f4d605d) (ScriptedImporter) -> (artifact id: '5840380d9c8fbfab5d9eac2f6144cff4') in 0.001545583 seconds
Number of updated asset objects reloaded before import = 0Number of asset objects unloaded after import = 0

========================================================================
Received Import Request.
  Time since last request: 0.000039 seconds.
  path: Packages/com.coplaydev.unity-mcp/Editor/Services/TestRunnerNoThrottle.cs
  artifactKey: Guid(07a60b029782d464a9506fa520d2a8c8) Importer(2089858483,b0f066a214c2f5e87bad3c948f4d605d)
Start importing Packages/com.coplaydev.unity-mcp/Editor/Services/TestRunnerNoThrottle.cs using Guid(07a60b029782d464a9506fa520d2a8c8) Importer(2089858483,b0f066a214c2f5e87bad3c948f4d605d) (ScriptedImporter) -> (artifact id: 'd3ba0ecdc1d3bbabdc790f4fdd3be479') in 0.001452208 seconds
Number of updated asset objects reloaded before import = 0Number of asset objects unloaded after import = 0

========================================================================
Received Import Request.
  Time since last request: 0.000035 seconds.
  path: Packages/com.coplaydev.unity-mcp/Editor/Setup/McpForUnitySkillInstaller.cs
  artifactKey: Guid(7886932de812549f195fa4f6006ef0dd) Importer(2089858483,b0f066a214c2f5e87bad3c948f4d605d)
Start importing Packages/com.coplaydev.unity-mcp/Editor/Setup/McpForUnitySkillInstaller.cs using Guid(7886932de812549f195fa4f6006ef0dd) Importer(2089858483,b0f066a214c2f5e87bad3c948f4d605d) (ScriptedImporter) -> (artifact id: 'bbb723ef8b035dbf2f8ac6ccdcbb1176') in 0.001450958 seconds
Number of updated asset objects reloaded before import = 0Number of asset objects unloaded after import = 0

========================================================================
Received Import Request.
  Time since last request: 0.000034 seconds.
  path: Packages/com.coplaydev.unity-mcp/Editor/Dependencies/Models/DependencyCheckResult.cs
  artifactKey: Guid(f6df82faa423f4e9ebb13a3dcee8ba19) Importer(2089858483,b0f066a214c2f5e87bad3c948f4d605d)
Start importing Packages/com.coplaydev.unity-mcp/Editor/Dependencies/Models/DependencyCheckResult.cs using Guid(f6df82faa423f4e9ebb13a3dcee8ba19) Importer(2089858483,b0f066a214c2f5e87bad3c948f4d605d) (ScriptedImporter) -> (artifact id: '7a65c3296814b3d3db168e01999a8807') in 0.00152425 seconds
Number of updated asset objects reloaded before import = 0Number of asset objects unloaded after import = 0

========================================================================
Received Import Request.
  Time since last request: 0.000036 seconds.
  path: Packages/com.coplaydev.unity-mcp/Editor/Clients/Configurators/VSCodeInsidersConfigurator.cs
  artifactKey: Guid(2c4a1b0d3b34489cbf0f8c40c49c4f3b) Importer(2089858483,b0f066a214c2f5e87bad3c948f4d605d)
Start importing Packages/com.coplaydev.unity-mcp/Editor/Clients/Configurators/VSCodeInsidersConfigurator.cs using Guid(2c4a1b0d3b34489cbf0f8c40c49c4f3b) Importer(2089858483,b0f066a214c2f5e87bad3c948f4d605d) (ScriptedImporter) -> (artifact id: '44afc693ee8ca05c26cf6bf077c953bc') in 0.001805416 seconds
Number of updated asset objects reloaded before import = 0Number of asset objects unloaded after import = 0

========================================================================
Received Import Request.
  Time since last request: 0.000056 seconds.
  path: Packages/com.coplaydev.unity-mcp/Editor/Services/ITestRunnerService.cs
  artifactKey: Guid(d23bf32361ff444beaf3510818c94bae) Importer(2089858483,b0f066a214c2f5e87bad3c948f4d605d)
Start importing Packages/com.coplaydev.unity-mcp/Editor/Services/ITestRunnerService.cs using Guid(d23bf32361ff444beaf3510818c94bae) Importer(2089858483,b0f066a214c2f5e87bad3c948f4d605d) (ScriptedImporter) -> (artifact id: 'ed9e8270693b5701cdf4e697ae6b7826') in 0.001706333 seconds
Number of updated asset objects reloaded before import = 0Number of asset objects unloaded after import = 0

========================================================================
Received Import Request.
  Time since last request: 0.000036 seconds.
  path: Packages/com.coplaydev.unity-mcp/Editor/Clients/Configurators/ClaudeDesktopConfigurator.cs
  artifactKey: Guid(d5e5d87c9db57495f842dc366f1ebd65) Importer(2089858483,b0f066a214c2f5e87bad3c948f4d605d)
Start importing Packages/com.coplaydev.unity-mcp/Editor/Clients/Configurators/ClaudeDesktopConfigurator.cs using Guid(d5e5d87c9db57495f842dc366f1ebd65) Importer(2089858483,b0f066a214c2f5e87bad3c948f4d605d) (ScriptedImporter) -> (artifact id: '0565eee7e0f89ff17960f8165d9b04dc') in 0.00146775 seconds
Number of updated asset objects reloaded before import = 0Number of asset objects unloaded after import = 0

========================================================================
Received Import Request.
  Time since last request: 0.000042 seconds.
  path: Packages/com.coplaydev.unity-mcp/Editor/Dependencies/PlatformDetectors/MacOSPlatformDetector.cs
  artifactKey: Guid(c6f602b0a8ca848859197f9a949a7a5d) Importer(2089858483,b0f066a214c2f5e87bad3c948f4d605d)
Start importing Packages/com.coplaydev.unity-mcp/Editor/Dependencies/PlatformDetectors/MacOSPlatformDetector.cs using Guid(c6f602b0a8ca848859197f9a949a7a5d) Importer(2089858483,b0f066a214c2f5e87bad3c948f4d605d) (ScriptedImporter) -> (artifact id: 'b78025f9e9604bd4645055331bd4565b') in 0.001371333 seconds
Number of updated asset objects reloaded before import = 0Number of asset objects unloaded after import = 0

========================================================================
Received Import Request.
  Time since last request: 0.000055 seconds.
  path: Packages/com.coplaydev.unity-mcp/Editor/Services/EditorStateCache.cs
  artifactKey: Guid(aa7909967ce3c48c493181c978782a54) Importer(2089858483,b0f066a214c2f5e87bad3c948f4d605d)
Start importing Packages/com.coplaydev.unity-mcp/Editor/Services/EditorStateCache.cs using Guid(aa7909967ce3c48c493181c978782a54) Importer(2089858483,b0f066a214c2f5e87bad3c948f4d605d) (ScriptedImporter) -> (artifact id: '7222a99272d312cad8a1ac755f8ce352') in 0.001526875 seconds
Number of updated asset objects reloaded before import = 0Number of asset objects unloaded after import = 0

========================================================================
Received Import Request.
  Time since last request: 0.000067 seconds.
  path: Packages/com.coplaydev.unity-mcp/Editor/Windows/MCPSetupWindow.uxml
  artifactKey: Guid(bf9567b4c9d76a14e9476c2d47c4b017) Importer(2089858483,b0f066a214c2f5e87bad3c948f4d605d)
Start importing Packages/com.coplaydev.unity-mcp/Editor/Windows/MCPSetupWindow.uxml using Guid(bf9567b4c9d76a14e9476c2d47c4b017) Importer(2089858483,b0f066a214c2f5e87bad3c948f4d605d) (ScriptedImporter) -> (artifact id: 'f78ed0cdb91d8cd7e8748795b89c6d12') in 0.005892166 seconds
Number of updated asset objects reloaded before import = 0Number of asset objects unloaded after import = 4

========================================================================
Received Import Request.
  Time since last request: 2.023385 seconds.
  path: Packages/com.coplaydev.unity-mcp/Editor/Resources/Editor/EditorState.cs
  artifactKey: Guid(f7c6df54e014c44fdb0cd3f65a479e37) Importer(2089858483,b0f066a214c2f5e87bad3c948f4d605d)
Start importing Packages/com.coplaydev.unity-mcp/Editor/Resources/Editor/EditorState.cs using Guid(f7c6df54e014c44fdb0cd3f65a479e37) Importer(2089858483,b0f066a214c2f5e87bad3c948f4d605d) (ScriptedImporter) -> (artifact id: '0ddd04ffbd3ccee35b706020a619c272') in 0.001428 seconds
Number of updated asset objects reloaded before import = 0Number of asset objects unloaded after import = 0

========================================================================
Received Import Request.
  Time since last request: 0.000030 seconds.
  path: Packages/com.coplaydev.unity-mcp/Editor/Tools/ProBuilder/ProBuilderSmoothing.cs
  artifactKey: Guid(a3f1b7c4d5e64a8f9b2c1d0e3f4a5b6c) Importer(2089858483,b0f066a214c2f5e87bad3c948f4d605d)
Start importing Packages/com.coplaydev.unity-mcp/Editor/Tools/ProBuilder/ProBuilderSmoothing.cs using Guid(a3f1b7c4d5e64a8f9b2c1d0e3f4a5b6c) Importer(2089858483,b0f066a214c2f5e87bad3c948f4d605d) (ScriptedImporter) -> (artifact id: '166c6a4c87379e29a758ede4a37f3623') in 0.001374583 seconds
Number of updated asset objects reloaded before import = 0Number of asset objects unloaded after import = 0

========================================================================
Received Import Request.
  Time since last request: 0.000039 seconds.
  path: Packages/com.coplaydev.unity-mcp/Editor/Tools/Build/BuildJob.cs
  artifactKey: Guid(6c04470155554320bc9e1655674d6aa7) Importer(2089858483,b0f066a214c2f5e87bad3c948f4d605d)
Start importing Packages/com.coplaydev.unity-mcp/Editor/Tools/Build/BuildJob.cs using Guid(6c04470155554320bc9e1655674d6aa7) Importer(2089858483,b0f066a214c2f5e87bad3c948f4d605d) (ScriptedImporter) -> (artifact id: '5816d2f0bbd788a667eebf97da8043e4') in 0.001487333 seconds
Number of updated asset objects reloaded before import = 0Number of asset objects unloaded after import = 0

========================================================================
Received Import Request.
  Time since last request: 0.000037 seconds.
  path: Packages/com.coplaydev.unity-mcp/Editor/Security/SecureKeyStore/EnvKeyOverride.cs
  artifactKey: Guid(12d89d2f3dd846d3975bd5beb190a741) Importer(2089858483,b0f066a214c2f5e87bad3c948f4d605d)
Start importing Packages/com.coplaydev.unity-mcp/Editor/Security/SecureKeyStore/EnvKeyOverride.cs using Guid(12d89d2f3dd846d3975bd5beb190a741) Importer(2089858483,b0f066a214c2f5e87bad3c948f4d605d) (ScriptedImporter) -> (artifact id: 'd90873b5fec803144c36860038629b19') in 0.001273 seconds
Number of updated asset objects reloaded before import = 0Number of asset objects unloaded after import = 0

========================================================================
Received Import Request.
  Time since last request: 0.000038 seconds.
  path: Packages/com.coplaydev.unity-mcp/Editor/Services/Server/ProcessDetector.cs
  artifactKey: Guid(4df6fa24a35d74d1cb9b67e40e50b45d) Importer(2089858483,b0f066a214c2f5e87bad3c948f4d605d)
Start importing Packages/com.coplaydev.unity-mcp/Editor/Services/Server/ProcessDetector.cs using Guid(4df6fa24a35d74d1cb9b67e40e50b45d) Importer(2089858483,b0f066a214c2f5e87bad3c948f4d605d) (ScriptedImporter) -> (artifact id: '4be9c1e25bedf2f844e0112b461bd9ad') in 0.001303041 seconds
Number of updated asset objects reloaded before import = 0Number of asset objects unloaded after import = 0

========================================================================
Received Import Request.
  Time since last request: 0.000039 seconds.
  path: Packages/com.coplaydev.unity-mcp/Editor/Tools/Prefabs/ManagePrefabs.cs
  artifactKey: Guid(c14e76b2aa7bb4570a88903b061e946e) Importer(2089858483,b0f066a214c2f5e87bad3c948f4d605d)
Start importing Packages/com.coplaydev.unity-mcp/Editor/Tools/Prefabs/ManagePrefabs.cs using Guid(c14e76b2aa7bb4570a88903b061e946e) Importer(2089858483,b0f066a214c2f5e87bad3c948f4d605d) (ScriptedImporter) -> (artifact id: 'cdfd094cb09ee5e076727df60fe29181') in 0.001161833 seconds
Number of updated asset objects reloaded before import = 0Number of asset objects unloaded after import = 0

========================================================================
Received Import Request.
  Time since last request: 0.000039 seconds.
  path: Packages/com.coplaydev.unity-mcp/Editor/Resources/Scene/VolumesResource.cs
  artifactKey: Guid(83cc61dc0e644cf2abd24ad611aa315c) Importer(2089858483,b0f066a214c2f5e87bad3c948f4d605d)
Start importing Packages/com.coplaydev.unity-mcp/Editor/Resources/Scene/VolumesResource.cs using Guid(83cc61dc0e644cf2abd24ad611aa315c) Importer(2089858483,b0f066a214c2f5e87bad3c948f4d605d) (ScriptedImporter) -> (artifact id: '7d7129a41f3837976d1cecc4c3c4bcba') in 0.001375417 seconds
Number of updated asset objects reloaded before import = 0Number of asset objects unloaded after import = 0

========================================================================
Received Import Request.
  Time since last request: 0.000040 seconds.
  path: Packages/com.coplaydev.unity-mcp/Editor/Services/Server/ProcessTerminator.cs
  artifactKey: Guid(900df88b4d0844704af9cb47633d44a9) Importer(2089858483,b0f066a214c2f5e87bad3c948f4d605d)
Start importing Packages/com.coplaydev.unity-mcp/Editor/Services/Server/ProcessTerminator.cs using Guid(900df88b4d0844704af9cb47633d44a9) Importer(2089858483,b0f066a214c2f5e87bad3c948f4d605d) (ScriptedImporter) -> (artifact id: '2b2530868b84c714e673941a7fdc9972') in 0.001251875 seconds
Number of updated asset objects reloaded before import = 0Number of asset objects unloaded after import = 0

========================================================================
Received Import Request.
  Time since last request: 0.000033 seconds.
  path: Packages/com.coplaydev.unity-mcp/Editor/Services/Server/IProcessDetector.cs
  artifactKey: Guid(25f32875fb87541b69ead19c08520836) Importer(2089858483,b0f066a214c2f5e87bad3c948f4d605d)
Start importing Packages/com.coplaydev.unity-mcp/Editor/Services/Server/IProcessDetector.cs using Guid(25f32875fb87541b69ead19c08520836) Importer(2089858483,b0f066a214c2f5e87bad3c948f4d605d) (ScriptedImporter) -> (artifact id: '1be4a8ea0d0b87fa106c2d55063a01a2') in 0.001432958 seconds
Number of updated asset objects reloaded before import = 0Number of asset objects unloaded after import = 0

========================================================================
Received Import Request.
  Time since last request: 0.000028 seconds.
  path: Packages/com.coplaydev.unity-mcp/Editor/Tools/GameObjects/GameObjectModify.cs
  artifactKey: Guid(ec5e33513bd094257a26ef6f75ea4574) Importer(2089858483,b0f066a214c2f5e87bad3c948f4d605d)
Start importing Packages/com.coplaydev.unity-mcp/Editor/Tools/GameObjects/GameObjectModify.cs using Guid(ec5e33513bd094257a26ef6f75ea4574) Importer(2089858483,b0f066a214c2f5e87bad3c948f4d605d) (ScriptedImporter) -> (artifact id: 'd4ff7c3cb17ac8427548de7395ec1b33') in 0.001171292 seconds
Number of updated asset objects reloaded before import = 0Number of asset objects unloaded after import = 0

========================================================================
Received Import Request.
  Time since last request: 0.000034 seconds.
  path: Packages/com.coplaydev.unity-mcp/Editor/Tools/Animation/ControllerBlendTrees.cs
  artifactKey: Guid(b8d4f0a2e53c5b7f9a6e1d4c8f0b2a5e) Importer(2089858483,b0f066a214c2f5e87bad3c948f4d605d)
Start importing Packages/com.coplaydev.unity-mcp/Editor/Tools/Animation/ControllerBlendTrees.cs using Guid(b8d4f0a2e53c5b7f9a6e1d4c8f0b2a5e) Importer(2089858483,b0f066a214c2f5e87bad3c948f4d605d) (ScriptedImporter) -> (artifact id: '6366460fe1318fab84e429c0dd5277db') in 0.001347 seconds
Number of updated asset objects reloaded before import = 0Number of asset objects unloaded after import = 0

========================================================================
Received Import Request.
  Time since last request: 0.000029 seconds.
  path: Packages/com.coplaydev.unity-mcp/Editor/Tools/Vfx/ManageVFX.cs
  artifactKey: Guid(a8f3d2c1e9b74f6a8c5d0e2f1a3b4c5d) Importer(2089858483,b0f066a214c2f5e87bad3c948f4d605d)
Start importing Packages/com.coplaydev.unity-mcp/Editor/Tools/Vfx/ManageVFX.cs using Guid(a8f3d2c1e9b74f6a8c5d0e2f1a3b4c5d) Importer(2089858483,b0f066a214c2f5e87bad3c948f4d605d) (ScriptedImporter) -> (artifact id: '87934e8eecf79f10103dba654cb13eb3') in 0.001122042 seconds
Number of updated asset objects reloaded before import = 0Number of asset objects unloaded after import = 0

========================================================================
Received Import Request.
  Time since last request: 0.000048 seconds.
  path: Packages/com.coplaydev.unity-mcp/Editor/Services/Server/IPidFileManager.cs
  artifactKey: Guid(f4a4c5d093da74ce79fb29a0670a58a7) Importer(2089858483,b0f066a214c2f5e87bad3c948f4d605d)
Start importing Packages/com.coplaydev.unity-mcp/Editor/Services/Server/IPidFileManager.cs using Guid(f4a4c5d093da74ce79fb29a0670a58a7) Importer(2089858483,b0f066a214c2f5e87bad3c948f4d605d) (ScriptedImporter) -> (artifact id: '87c20771fc8db1384980d61ef248035c') in 0.001242958 seconds
Number of updated asset objects reloaded before import = 0Number of asset objects unloaded after import = 0

========================================================================
Received Import Request.
  Time since last request: 0.000030 seconds.
  path: Packages/com.coplaydev.unity-mcp/Editor/Tools/Graphics/SkyboxOps.cs
  artifactKey: Guid(93b73ba8237dee84088417864958084a) Importer(2089858483,b0f066a214c2f5e87bad3c948f4d605d)
Start importing Packages/com.coplaydev.unity-mcp/Editor/Tools/Graphics/SkyboxOps.cs using Guid(93b73ba8237dee84088417864958084a) Importer(2089858483,b0f066a214c2f5e87bad3c948f4d605d) (ScriptedImporter) -> (artifact id: 'a4ca3a67505205caf08fe96ffb4bfe45') in 0.0011335 seconds
Number of updated asset objects reloaded before import = 0Number of asset objects unloaded after import = 0

========================================================================
Received Import Request.
  Time since last request: 0.000025 seconds.
  path: Packages/com.coplaydev.unity-mcp/Editor/Tools/GameObjects/GameObjectDelete.cs
  artifactKey: Guid(505a482aaf60b415abd794737a630b10) Importer(2089858483,b0f066a214c2f5e87bad3c948f4d605d)
Start importing Packages/com.coplaydev.unity-mcp/Editor/Tools/GameObjects/GameObjectDelete.cs using Guid(505a482aaf60b415abd794737a630b10) Importer(2089858483,b0f066a214c2f5e87bad3c948f4d605d) (ScriptedImporter) -> (artifact id: '630d625a40e7d503e9f117e496612ca8') in 0.001170583 seconds
Number of updated asset objects reloaded before import = 0Number of asset objects unloaded after import = 0

========================================================================
Received Import Request.
  Time since last request: 0.000033 seconds.
  path: Packages/com.coplaydev.unity-mcp/Editor/Tools/GameObjects/ManageGameObjectCommon.cs
  artifactKey: Guid(6bf0edf3cd2af46729294682cee3bee4) Importer(2089858483,b0f066a214c2f5e87bad3c948f4d605d)
Start importing Packages/com.coplaydev.unity-mcp/Editor/Tools/GameObjects/ManageGameObjectCommon.cs using Guid(6bf0edf3cd2af46729294682cee3bee4) Importer(2089858483,b0f066a214c2f5e87bad3c948f4d605d) (ScriptedImporter) -> (artifact id: '430bdf291facfc7753de5840a2e63965') in 0.001903667 seconds
Number of updated asset objects reloaded before import = 0Number of asset objects unloaded after import = 0

========================================================================
Received Import Request.
  Time since last request: 0.000029 seconds.
  path: Packages/com.coplaydev.unity-mcp/Editor/Tools/Physics/PhysicsForceOps.cs
  artifactKey: Guid(0edad0a2fae04b7383acfb90fec107a6) Importer(2089858483,b0f066a214c2f5e87bad3c948f4d605d)
Start importing Packages/com.coplaydev.unity-mcp/Editor/Tools/Physics/PhysicsForceOps.cs using Guid(0edad0a2fae04b7383acfb90fec107a6) Importer(2089858483,b0f066a214c2f5e87bad3c948f4d605d) (ScriptedImporter) -> (artifact id: 'f6adb5703c87dcb7e1a139361d0232f3') in 0.001052125 seconds
Number of updated asset objects reloaded before import = 0Number of asset objects unloaded after import = 0

========================================================================
Received Import Request.
  Time since last request: 0.000034 seconds.
  path: Packages/com.coplaydev.unity-mcp/Editor/Tools/Graphics/RenderingStatsOps.cs
  artifactKey: Guid(c6a02f2bb19e450a9ddca18ee8d211bf) Importer(2089858483,b0f066a214c2f5e87bad3c948f4d605d)
Start importing Packages/com.coplaydev.unity-mcp/Editor/Tools/Graphics/RenderingStatsOps.cs using Guid(c6a02f2bb19e450a9ddca18ee8d211bf) Importer(2089858483,b0f066a214c2f5e87bad3c948f4d605d) (ScriptedImporter) -> (artifact id: 'f00134687e847cc0c3da4687b1ad9fb7') in 0.001185458 seconds
Number of updated asset objects reloaded before import = 0Number of asset objects unloaded after import = 0

========================================================================
Received Import Request.
  Time since last request: 0.000033 seconds.
  path: Packages/com.coplaydev.unity-mcp/Editor/Resources/Scene/GameObjectResource.cs
  artifactKey: Guid(5ee79050d9f6d42798a0757cc7672517) Importer(2089858483,b0f066a214c2f5e87bad3c948f4d605d)
Start importing Packages/com.coplaydev.unity-mcp/Editor/Resources/Scene/GameObjectResource.cs using Guid(5ee79050d9f6d42798a0757cc7672517) Importer(2089858483,b0f066a214c2f5e87bad3c948f4d605d) (ScriptedImporter) -> (artifact id: '7dec210b2e25ff5b351e0d36cdc2fdda') in 0.001240875 seconds
Number of updated asset objects reloaded before import = 0Number of asset objects unloaded after import = 0

========================================================================
Received Import Request.
  Time since last request: 0.000032 seconds.
  path: Packages/com.coplaydev.unity-mcp/Editor/Security/SecureKeyStore/SecureKeyStore.cs
  artifactKey: Guid(1e75b60b25da4b9b9c0dc0df42fa1017) Importer(2089858483,b0f066a214c2f5e87bad3c948f4d605d)
Start importing Packages/com.coplaydev.unity-mcp/Editor/Security/SecureKeyStore/SecureKeyStore.cs using Guid(1e75b60b25da4b9b9c0dc0df42fa1017) Importer(2089858483,b0f066a214c2f5e87bad3c948f4d605d) (ScriptedImporter) -> (artifact id: '24fd9e4728818ff428febd622c2ae4f0') in 0.00118425 seconds
Number of updated asset objects reloaded before import = 0Number of asset objects unloaded after import = 0

========================================================================
Received Import Request.
  Time since last request: 0.000031 seconds.
  path: Packages/com.coplaydev.unity-mcp/Editor/Tools/Graphics/ManageGraphics.cs
  artifactKey: Guid(dafb0cedb22e465b8f7b19e68a636415) Importer(2089858483,b0f066a214c2f5e87bad3c948f4d605d)
Start importing Packages/com.coplaydev.unity-mcp/Editor/Tools/Graphics/ManageGraphics.cs using Guid(dafb0cedb22e465b8f7b19e68a636415) Importer(2089858483,b0f066a214c2f5e87bad3c948f4d605d) (ScriptedImporter) -> (artifact id: '829e0a9dc55369a5218fe1e4242de13e') in 0.001220541 seconds
Number of updated asset objects reloaded before import = 0Number of asset objects unloaded after import = 0

========================================================================
Received Import Request.
  Time since last request: 0.000034 seconds.
  path: Packages/com.coplaydev.unity-mcp/Editor/Tools/Build/BuildSettingsHelper.cs
  artifactKey: Guid(51f7a2852819440eada31cda61039b6a) Importer(2089858483,b0f066a214c2f5e87bad3c948f4d605d)
Start importing Packages/com.coplaydev.unity-mcp/Editor/Tools/Build/BuildSettingsHelper.cs using Guid(51f7a2852819440eada31cda61039b6a) Importer(2089858483,b0f066a214c2f5e87bad3c948f4d605d) (ScriptedImporter) -> (artifact id: '0f0f3f680637037389e1da556381e035') in 0.001163667 seconds
Number of updated asset objects reloaded before import = 0Number of asset objects unloaded after import = 0

========================================================================
Received Import Request.
  Time since last request: 0.000030 seconds.
  path: Packages/com.coplaydev.unity-mcp/Editor/Tools/Vfx/ManageVfxCommon.cs
  artifactKey: Guid(1c5e603b26d2f47529394c1ec6b8ed79) Importer(2089858483,b0f066a214c2f5e87bad3c948f4d605d)
Start importing Packages/com.coplaydev.unity-mcp/Editor/Tools/Vfx/ManageVfxCommon.cs using Guid(1c5e603b26d2f47529394c1ec6b8ed79) Importer(2089858483,b0f066a214c2f5e87bad3c948f4d605d) (ScriptedImporter) -> (artifact id: 'a33b33a0fe82d326ab4979ba57858a54') in 0.001121417 seconds
Number of updated asset objects reloaded before import = 0Number of asset objects unloaded after import = 0

========================================================================
Received Import Request.
  Time since last request: 0.000034 seconds.
  path: Packages/com.coplaydev.unity-mcp/Editor/Tools/GameObjects/GameObjectLookAt.cs
  artifactKey: Guid(fede847680da4b11a1c9e01d98ffbf16) Importer(2089858483,b0f066a214c2f5e87bad3c948f4d605d)
Start importing Packages/com.coplaydev.unity-mcp/Editor/Tools/GameObjects/GameObjectLookAt.cs using Guid(fede847680da4b11a1c9e01d98ffbf16) Importer(2089858483,b0f066a214c2f5e87bad3c948f4d605d) (ScriptedImporter) -> (artifact id: '0f7a11d9dad07c5243ba5836bdd04305') in 0.001188833 seconds
Number of updated asset objects reloaded before import = 0Number of asset objects unloaded after import = 0

========================================================================
Received Import Request.
  Time since last request: 0.000033 seconds.
  path: Packages/com.coplaydev.unity-mcp/Editor/Tools/GameObjects/GameObjectDuplicate.cs
  artifactKey: Guid(698728d56425a47af92a45377031a48b) Importer(2089858483,b0f066a214c2f5e87bad3c948f4d605d)
Start importing Packages/com.coplaydev.unity-mcp/Editor/Tools/GameObjects/GameObjectDuplicate.cs using Guid(698728d56425a47af92a45377031a48b) Importer(2089858483,b0f066a214c2f5e87bad3c948f4d605d) (ScriptedImporter) -> (artifact id: '06158f412ac401091ffbd29f20a2cc5e') in 0.001181083 seconds
Number of updated asset objects reloaded before import = 0Number of asset objects unloaded after import = 0

========================================================================
Received Import Request.
  Time since last request: 0.000031 seconds.
  path: Packages/com.coplaydev.unity-mcp/Editor/Tools/Animation/ClipPresets.cs
  artifactKey: Guid(b5e91d58c0a24e6db187f2a3c6840e29) Importer(2089858483,b0f066a214c2f5e87bad3c948f4d605d)
Start importing Packages/com.coplaydev.unity-mcp/Editor/Tools/Animation/ClipPresets.cs using Guid(b5e91d58c0a24e6db187f2a3c6840e29) Importer(2089858483,b0f066a214c2f5e87bad3c948f4d605d) (ScriptedImporter) -> (artifact id: '5ef45b05fe5ce1cbe46067b423a8953c') in 0.001196667 seconds
Number of updated asset objects reloaded before import = 0Number of asset objects unloaded after import = 0

========================================================================
Received Import Request.
  Time since last request: 0.000031 seconds.
  path: Packages/com.coplaydev.unity-mcp/Editor/Tools/Cameras/ManageCamera.cs
  artifactKey: Guid(2f61f34d01e54d5ba8e47acab546ed98) Importer(2089858483,b0f066a214c2f5e87bad3c948f4d605d)
Start importing Packages/com.coplaydev.unity-mcp/Editor/Tools/Cameras/ManageCamera.cs using Guid(2f61f34d01e54d5ba8e47acab546ed98) Importer(2089858483,b0f066a214c2f5e87bad3c948f4d605d) (ScriptedImporter) -> (artifact id: '49a391789481aa850bb37b2f922e8596') in 0.0012545 seconds
Number of updated asset objects reloaded before import = 0Number of asset objects unloaded after import = 0

========================================================================
Received Import Request.
  Time since last request: 0.000033 seconds.
  path: Packages/com.coplaydev.unity-mcp/Editor/Tools/AssetGen/ImportModelFile.cs
  artifactKey: Guid(e71d7281f8e84c45802ed38d1cceed81) Importer(2089858483,b0f066a214c2f5e87bad3c948f4d605d)
Start importing Packages/com.coplaydev.unity-mcp/Editor/Tools/AssetGen/ImportModelFile.cs using Guid(e71d7281f8e84c45802ed38d1cceed81) Importer(2089858483,b0f066a214c2f5e87bad3c948f4d605d) (ScriptedImporter) -> (artifact id: '8e1d791b5e9fea85baadba4a83838a6d') in 0.001161708 seconds
Number of updated asset objects reloaded before import = 0Number of asset objects unloaded after import = 0

========================================================================
Received Import Request.
  Time since last request: 0.000021 seconds.
  path: Packages/com.coplaydev.unity-mcp/Editor/Tools/Animation/ControllerCreate.cs
  artifactKey: Guid(a3f82c47d9e14b8fa0c5e1b7d4923f16) Importer(2089858483,b0f066a214c2f5e87bad3c948f4d605d)
Start importing Packages/com.coplaydev.unity-mcp/Editor/Tools/Animation/ControllerCreate.cs using Guid(a3f82c47d9e14b8fa0c5e1b7d4923f16) Importer(2089858483,b0f066a214c2f5e87bad3c948f4d605d) (ScriptedImporter) -> (artifact id: 'ff9cbe29f18380080905defa1e9559ad') in 0.001173292 seconds
Number of updated asset objects reloaded before import = 0Number of asset objects unloaded after import = 0

========================================================================
Received Import Request.
  Time since last request: 0.000035 seconds.
  path: Packages/com.coplaydev.unity-mcp/Editor/Tools/GameObjects/ManageGameObject.cs
  artifactKey: Guid(7641d7388f0f6634b9d83d34de87b2ee) Importer(2089858483,b0f066a214c2f5e87bad3c948f4d605d)
Start importing Packages/com.coplaydev.unity-mcp/Editor/Tools/GameObjects/ManageGameObject.cs using Guid(7641d7388f0f6634b9d83d34de87b2ee) Importer(2089858483,b0f066a214c2f5e87bad3c948f4d605d) (ScriptedImporter) -> (artifact id: 'ac689e9eda923b8763e006fea279ddda') in 0.001187042 seconds
Number of updated asset objects reloaded before import = 0Number of asset objects unloaded after import = 0

========================================================================
Received Import Request.
  Time since last request: 0.000031 seconds.
  path: Packages/com.coplaydev.unity-mcp/Editor/Services/Server/PidFileManager.cs
  artifactKey: Guid(57875f281fda94a4ea17cb74d4b13378) Importer(2089858483,b0f066a214c2f5e87bad3c948f4d605d)
Start importing Packages/com.coplaydev.unity-mcp/Editor/Services/Server/PidFileManager.cs using Guid(57875f281fda94a4ea17cb74d4b13378) Importer(2089858483,b0f066a214c2f5e87bad3c948f4d605d) (ScriptedImporter) -> (artifact id: '53fa56ddc707f4860546148cf8841744') in 0.001086583 seconds
Number of updated asset objects reloaded before import = 0Number of asset objects unloaded after import = 0

========================================================================
Received Import Request.
  Time since last request: 0.000045 seconds.
  path: Packages/com.coplaydev.unity-mcp/Editor/Tools/Graphics/RenderPipelineOps.cs
  artifactKey: Guid(2e637fccb0c440e4b8cdb3bc6040c7c9) Importer(2089858483,b0f066a214c2f5e87bad3c948f4d605d)
Start importing Packages/com.coplaydev.unity-mcp/Editor/Tools/Graphics/RenderPipelineOps.cs using Guid(2e637fccb0c440e4b8cdb3bc6040c7c9) Importer(2089858483,b0f066a214c2f5e87bad3c948f4d605d) (ScriptedImporter) -> (artifact id: '2e5abbb2c1881e1867d9b4b9d1ac3a57') in 0.0013065 seconds
Number of updated asset objects reloaded before import = 0Number of asset objects unloaded after import = 0

========================================================================
Received Import Request.
  Time since last request: 0.000033 seconds.
  path: Packages/com.coplaydev.unity-mcp/Editor/Tools/GameObjects/GameObjectMoveRelative.cs
  artifactKey: Guid(8b19997a165de45c2af3ada79a6d3f08) Importer(2089858483,b0f066a214c2f5e87bad3c948f4d605d)
Start importing Packages/com.coplaydev.unity-mcp/Editor/Tools/GameObjects/GameObjectMoveRelative.cs using Guid(8b19997a165de45c2af3ada79a6d3f08) Importer(2089858483,b0f066a214c2f5e87bad3c948f4d605d) (ScriptedImporter) -> (artifact id: '4f619c11620f837626b3d6b96ee030b2') in 0.001260541 seconds
Number of updated asset objects reloaded before import = 0Number of asset objects unloaded after import = 0

========================================================================
Received Import Request.
  Time since last request: 0.000028 seconds.
  path: Packages/com.coplaydev.unity-mcp/Editor/Tools/Physics/PhysicsSettingsOps.cs
  artifactKey: Guid(fd52d7a98bad4f54b23704757fa4e31e) Importer(2089858483,b0f066a214c2f5e87bad3c948f4d605d)
Start importing Packages/com.coplaydev.unity-mcp/Editor/Tools/Physics/PhysicsSettingsOps.cs using Guid(fd52d7a98bad4f54b23704757fa4e31e) Importer(2089858483,b0f066a214c2f5e87bad3c948f4d605d) (ScriptedImporter) -> (artifact id: 'e859517dc7a5b150c275a999155a2cc0') in 0.001178375 seconds
Number of updated asset objects reloaded before import = 0Number of asset objects unloaded after import = 0

========================================================================
Received Import Request.
  Time since last request: 0.000032 seconds.
  path: Packages/com.coplaydev.unity-mcp/Editor/Services/Server/ServerCommandBuilder.cs
  artifactKey: Guid(db917800a5c2948088ede8a5d230b56e) Importer(2089858483,b0f066a214c2f5e87bad3c948f4d605d)
Start importing Packages/com.coplaydev.unity-mcp/Editor/Services/Server/ServerCommandBuilder.cs using Guid(db917800a5c2948088ede8a5d230b56e) Importer(2089858483,b0f066a214c2f5e87bad3c948f4d605d) (ScriptedImporter) -> (artifact id: '7bcc583b77e6392f157caaa6c749f079') in 0.001169459 seconds
Number of updated asset objects reloaded before import = 0Number of asset objects unloaded after import = 0

========================================================================
Received Import Request.
  Time since last request: 0.000031 seconds.
  path: Packages/com.coplaydev.unity-mcp/Editor/Tools/Graphics/LightBakingOps.cs
  artifactKey: Guid(4bf5a93fc3954f3e880e60794fa968de) Importer(2089858483,b0f066a214c2f5e87bad3c948f4d605d)
Start importing Packages/com.coplaydev.unity-mcp/Editor/Tools/Graphics/LightBakingOps.cs using Guid(4bf5a93fc3954f3e880e60794fa968de) Importer(2089858483,b0f066a214c2f5e87bad3c948f4d605d) (ScriptedImporter) -> (artifact id: '7ef9aed416fc3a27f65ec63af40538b3') in 0.001192166 seconds
Number of updated asset objects reloaded before import = 0Number of asset objects unloaded after import = 0

========================================================================
Received Import Request.
  Time since last request: 0.000029 seconds.
  path: Packages/com.coplaydev.unity-mcp/Editor/Services/AssetGen/AssetGenModelCatalog.cs
  artifactKey: Guid(b6497ad09f4143c4a4a27bb6c00a6e3c) Importer(2089858483,b0f066a214c2f5e87bad3c948f4d605d)
Start importing Packages/com.coplaydev.unity-mcp/Editor/Services/AssetGen/AssetGenModelCatalog.cs using Guid(b6497ad09f4143c4a4a27bb6c00a6e3c) Importer(2089858483,b0f066a214c2f5e87bad3c948f4d605d) (ScriptedImporter) -> (artifact id: '52988742789d15b898239e6f69b1d954') in 0.00114175 seconds
Number of updated asset objects reloaded before import = 0Number of asset objects unloaded after import = 0

========================================================================
Received Import Request.
  Time since last request: 0.000031 seconds.
  path: Packages/com.coplaydev.unity-mcp/Editor/Resources/Editor/ToolStates.cs
  artifactKey: Guid(0f77d36b37ba4526ad30b3c84e3e752c) Importer(2089858483,b0f066a214c2f5e87bad3c948f4d605d)
Start importing Packages/com.coplaydev.unity-mcp/Editor/Resources/Editor/ToolStates.cs using Guid(0f77d36b37ba4526ad30b3c84e3e752c) Importer(2089858483,b0f066a214c2f5e87bad3c948f4d605d) (ScriptedImporter) -> (artifact id: 'ed8f53de27407b9065f3c225b877e114') in 0.001173875 seconds
Number of updated asset objects reloaded before import = 0Number of asset objects unloaded after import = 0

========================================================================
Received Import Request.
  Time since last request: 0.000035 seconds.
  path: Packages/com.coplaydev.unity-mcp/Editor/Tools/Profiler/ManageProfiler.cs
  artifactKey: Guid(369d21351c8c6c744a5775783d4957c9) Importer(2089858483,b0f066a214c2f5e87bad3c948f4d605d)
Start importing Packages/com.coplaydev.unity-mcp/Editor/Tools/Profiler/ManageProfiler.cs using Guid(369d21351c8c6c744a5775783d4957c9) Importer(2089858483,b0f066a214c2f5e87bad3c948f4d605d) (ScriptedImporter) -> (artifact id: '4f97edce10802b1bce7e31ee9d016bd2') in 0.001160292 seconds
Number of updated asset objects reloaded before import = 0Number of asset objects unloaded after import = 0

========================================================================
Received Import Request.
  Time since last request: 0.000032 seconds.
  path: Packages/com.coplaydev.unity-mcp/Editor/Resources/MenuItems/GetMenuItems.cs
  artifactKey: Guid(04eeea61eb5c24033a88013845d25f23) Importer(2089858483,b0f066a214c2f5e87bad3c948f4d605d)
Start importing Packages/com.coplaydev.unity-mcp/Editor/Resources/MenuItems/GetMenuItems.cs using Guid(04eeea61eb5c24033a88013845d25f23) Importer(2089858483,b0f066a214c2f5e87bad3c948f4d605d) (ScriptedImporter) -> (artifact id: '898e3669b43871bc33cb06caeb2095d4') in 0.001301 seconds
Number of updated asset objects reloaded before import = 0Number of asset objects unloaded after import = 0

========================================================================
Received Import Request.
  Time since last request: 0.000031 seconds.
  path: Packages/com.coplaydev.unity-mcp/Editor/Resources/Tests/GetTests.cs
  artifactKey: Guid(84183aaed077e4f25968269c952db2d7) Importer(2089858483,b0f066a214c2f5e87bad3c948f4d605d)
Start importing Packages/com.coplaydev.unity-mcp/Editor/Resources/Tests/GetTests.cs using Guid(84183aaed077e4f25968269c952db2d7) Importer(2089858483,b0f066a214c2f5e87bad3c948f4d605d) (ScriptedImporter) -> (artifact id: 'a924aab3db3787dcff602e1db8969587') in 0.0014465 seconds
Number of updated asset objects reloaded before import = 0Number of asset objects unloaded after import = 0

========================================================================
Received Import Request.
  Time since last request: 0.000039 seconds.
  path: Packages/com.coplaydev.unity-mcp/Editor/Tools/Vfx/LineWrite.cs
  artifactKey: Guid(3911acc5a6a6a494cb88a647e0426d67) Importer(2089858483,b0f066a214c2f5e87bad3c948f4d605d)
Start importing Packages/com.coplaydev.unity-mcp/Editor/Tools/Vfx/LineWrite.cs using Guid(3911acc5a6a6a494cb88a647e0426d67) Importer(2089858483,b0f066a214c2f5e87bad3c948f4d605d) (ScriptedImporter) -> (artifact id: '7b7efbcc3749379a348009d6acabf63f') in 0.001171167 seconds
Number of updated asset objects reloaded before import = 0Number of asset objects unloaded after import = 0

========================================================================
Received Import Request.
  Time since last request: 0.000025 seconds.
  path: Packages/com.coplaydev.unity-mcp/Editor/Resources/Project/ProjectInfo.cs
  artifactKey: Guid(81b03415fcf93466e9ed667d19b58d43) Importer(2089858483,b0f066a214c2f5e87bad3c948f4d605d)
Start importing Packages/com.coplaydev.unity-mcp/Editor/Resources/Project/ProjectInfo.cs using Guid(81b03415fcf93466e9ed667d19b58d43) Importer(2089858483,b0f066a214c2f5e87bad3c948f4d605d) (ScriptedImporter) -> (artifact id: '22e042bc3b8bf6a8e8643ba752d634e8') in 0.001198458 seconds
Number of updated asset objects reloaded before import = 0Number of asset objects unloaded after import = 0

========================================================================
Received Import Request.
  Time since last request: 0.000033 seconds.
  path: Packages/com.coplaydev.unity-mcp/Editor/Security/SecureKeyStore/WindowsCredentialKeyStore.cs
  artifactKey: Guid(4c777dcfa11b446897576292db1982a7) Importer(2089858483,b0f066a214c2f5e87bad3c948f4d605d)
Start importing Packages/com.coplaydev.unity-mcp/Editor/Security/SecureKeyStore/WindowsCredentialKeyStore.cs using Guid(4c777dcfa11b446897576292db1982a7) Importer(2089858483,b0f066a214c2f5e87bad3c948f4d605d) (ScriptedImporter) -> (artifact id: 'd7351e8970e1880e0f4f8901f1557271') in 0.001228709 seconds
Number of updated asset objects reloaded before import = 0Number of asset objects unloaded after import = 0

========================================================================
Received Import Request.
  Time since last request: 0.000032 seconds.
  path: Packages/com.coplaydev.unity-mcp/Editor/Security/SecureKeyStore/MacKeychainKeyStore.cs
  artifactKey: Guid(fca6d32a6be24c138e8c32ae824602f1) Importer(2089858483,b0f066a214c2f5e87bad3c948f4d605d)
Start importing Packages/com.coplaydev.unity-mcp/Editor/Security/SecureKeyStore/MacKeychainKeyStore.cs using Guid(fca6d32a6be24c138e8c32ae824602f1) Importer(2089858483,b0f066a214c2f5e87bad3c948f4d605d) (ScriptedImporter) -> (artifact id: '29119dfffc21b9b533e915cee10b3240') in 0.001195208 seconds
Number of updated asset objects reloaded before import = 0Number of asset objects unloaded after import = 0

========================================================================
Received Import Request.
  Time since last request: 0.000035 seconds.
  path: Packages/com.coplaydev.unity-mcp/Editor/Resources/Editor/Windows.cs
  artifactKey: Guid(58a341e64bea440b29deaf859aaea552) Importer(2089858483,b0f066a214c2f5e87bad3c948f4d605d)
Start importing Packages/com.coplaydev.unity-mcp/Editor/Resources/Editor/Windows.cs using Guid(58a341e64bea440b29deaf859aaea552) Importer(2089858483,b0f066a214c2f5e87bad3c948f4d605d) (ScriptedImporter) -> (artifact id: '2c2f30886af823bf7382cbdea1410405') in 0.00121175 seconds
Number of updated asset objects reloaded before import = 0Number of asset objects unloaded after import = 0

========================================================================
Received Import Request.
  Time since last request: 0.000046 seconds.
  path: Packages/com.coplaydev.unity-mcp/Editor/Resources/Scene/CamerasResource.cs
  artifactKey: Guid(68c487cd2b284b09bcdce22f76127e95) Importer(2089858483,b0f066a214c2f5e87bad3c948f4d605d)
Start importing Packages/com.coplaydev.unity-mcp/Editor/Resources/Scene/CamerasResource.cs using Guid(68c487cd2b284b09bcdce22f76127e95) Importer(2089858483,b0f066a214c2f5e87bad3c948f4d605d) (ScriptedImporter) -> (artifact id: 'e0a56f86c09e05208fc711339825bc90') in 0.00114225 seconds
Number of updated asset objects reloaded before import = 0Number of asset objects unloaded after import = 0

========================================================================
Received Import Request.
  Time since last request: 0.000033 seconds.
  path: Packages/com.coplaydev.unity-mcp/Editor/Tools/AssetGen/GenerateModel.cs
  artifactKey: Guid(fa7787add8344fd99adfceff3b5dd57e) Importer(2089858483,b0f066a214c2f5e87bad3c948f4d605d)
Start importing Packages/com.coplaydev.unity-mcp/Editor/Tools/AssetGen/GenerateModel.cs using Guid(fa7787add8344fd99adfceff3b5dd57e) Importer(2089858483,b0f066a214c2f5e87bad3c948f4d605d) (ScriptedImporter) -> (artifact id: 'c88df96ec98aa367b6c47f488066b0fc') in 0.00108575 seconds
Number of updated asset objects reloaded before import = 0Number of asset objects unloaded after import = 0

========================================================================
Received Import Request.
  Time since last request: 0.000034 seconds.
  path: Packages/com.coplaydev.unity-mcp/Editor/Tools/GameObjects/GameObjectHandlers.cs
  artifactKey: Guid(f3cf2313460d44a09b258d2ee04c5ef0) Importer(2089858483,b0f066a214c2f5e87bad3c948f4d605d)
Start importing Packages/com.coplaydev.unity-mcp/Editor/Tools/GameObjects/GameObjectHandlers.cs using Guid(f3cf2313460d44a09b258d2ee04c5ef0) Importer(2089858483,b0f066a214c2f5e87bad3c948f4d605d) (ScriptedImporter) -> (artifact id: '35296da07605fb42fb4a283bc5610467') in 0.00187825 seconds
Number of updated asset objects reloaded before import = 0Number of asset objects unloaded after import = 0

========================================================================
Received Import Request.
  Time since last request: 0.000027 seconds.
  path: Packages/com.coplaydev.unity-mcp/Editor/Tools/AssetGen/AssetGenToolHelpers.cs
  artifactKey: Guid(8320589d7a679498c8ad56b59f662878) Importer(2089858483,b0f066a214c2f5e87bad3c948f4d605d)
Start importing Packages/com.coplaydev.unity-mcp/Editor/Tools/AssetGen/AssetGenToolHelpers.cs using Guid(8320589d7a679498c8ad56b59f662878) Importer(2089858483,b0f066a214c2f5e87bad3c948f4d605d) (ScriptedImporter) -> (artifact id: 'e55a4dc6e5346d56f8ea28c29a488554') in 0.001055125 seconds
Number of updated asset objects reloaded before import = 0Number of asset objects unloaded after import = 0

========================================================================
Received Import Request.
  Time since last request: 0.000034 seconds.
  path: Packages/com.coplaydev.unity-mcp/Editor/Tools/Vfx/LineCreate.cs
  artifactKey: Guid(6d553d3837ecc4d999225bc9b3160a26) Importer(2089858483,b0f066a214c2f5e87bad3c948f4d605d)
Start importing Packages/com.coplaydev.unity-mcp/Editor/Tools/Vfx/LineCreate.cs using Guid(6d553d3837ecc4d999225bc9b3160a26) Importer(2089858483,b0f066a214c2f5e87bad3c948f4d605d) (ScriptedImporter) -> (artifact id: 'bdee0a5dd552d575d73da8a456e4e2e0') in 0.001033833 seconds
Number of updated asset objects reloaded before import = 0Number of asset objects unloaded after import = 0

========================================================================
Received Import Request.
  Time since last request: 2.193534 seconds.
  path: Packages/com.coplaydev.unity-mcp/Editor/Tools/Vfx/ParticleCommon.cs
  artifactKey: Guid(a3a91aa6f6b9c4121a2ccc1a8147bbf9) Importer(2089858483,b0f066a214c2f5e87bad3c948f4d605d)
Start importing Packages/com.coplaydev.unity-mcp/Editor/Tools/Vfx/ParticleCommon.cs using Guid(a3a91aa6f6b9c4121a2ccc1a8147bbf9) Importer(2089858483,b0f066a214c2f5e87bad3c948f4d605d) (ScriptedImporter) -> (artifact id: 'a26efdaccc1c939d0d29f6c3a8c2d95c') in 0.001533458 seconds
Number of updated asset objects reloaded before import = 0Number of asset objects unloaded after import = 0

========================================================================
Received Import Request.
  Time since last request: 0.000037 seconds.
  path: Packages/com.coplaydev.unity-mcp/Editor/Windows/Components/ClientConfig/McpClientConfigSection.uxml
  artifactKey: Guid(abdb7edaa375af049bd795c7a8b8a613) Importer(2089858483,b0f066a214c2f5e87bad3c948f4d605d)
Start importing Packages/com.coplaydev.unity-mcp/Editor/Windows/Components/ClientConfig/McpClientConfigSection.uxml using Guid(abdb7edaa375af049bd795c7a8b8a613) Importer(2089858483,b0f066a214c2f5e87bad3c948f4d605d) (ScriptedImporter) -> (artifact id: '58f499479bc948f8c4c0117724b5a080') in 0.005380167 seconds
Number of updated asset objects reloaded before import = 0Number of asset objects unloaded after import = 3

========================================================================
Received Import Request.
  Time since last request: 0.000059 seconds.
  path: Packages/com.coplaydev.unity-mcp/Editor/Services/AssetGen/Providers/ProviderHttp.cs
  artifactKey: Guid(1584e5cffb5b45e6816fec509f1bfc8b) Importer(2089858483,b0f066a214c2f5e87bad3c948f4d605d)
Start importing Packages/com.coplaydev.unity-mcp/Editor/Services/AssetGen/Providers/ProviderHttp.cs using Guid(1584e5cffb5b45e6816fec509f1bfc8b) Importer(2089858483,b0f066a214c2f5e87bad3c948f4d605d) (ScriptedImporter) -> (artifact id: '3db507aad00ffeba92a32ea2edeb2ba6') in 0.0012785 seconds
Number of updated asset objects reloaded before import = 0Number of asset objects unloaded after import = 0

========================================================================
Received Import Request.
  Time since last request: 0.000036 seconds.
  path: Packages/com.coplaydev.unity-mcp/Editor/Windows/Components/Validation/McpValidationSection.uxml
  artifactKey: Guid(3f682815a83bb6841ac61f7f399d903c) Importer(2089858483,b0f066a214c2f5e87bad3c948f4d605d)
Start importing Packages/com.coplaydev.unity-mcp/Editor/Windows/Components/Validation/McpValidationSection.uxml using Guid(3f682815a83bb6841ac61f7f399d903c) Importer(2089858483,b0f066a214c2f5e87bad3c948f4d605d) (ScriptedImporter) -> (artifact id: 'f6f87448b2395cce6b8941047f7dbc69') in 0.003677167 seconds
Number of updated asset objects reloaded before import = 0Number of asset objects unloaded after import = 3

========================================================================
Received Import Request.
  Time since last request: 0.000035 seconds.
  path: Packages/com.coplaydev.unity-mcp/Editor/Tools/Vfx/VfxGraphRead.cs
  artifactKey: Guid(419e293a95ea64af5ad6984b1d02b9b1) Importer(2089858483,b0f066a214c2f5e87bad3c948f4d605d)
Start importing Packages/com.coplaydev.unity-mcp/Editor/Tools/Vfx/VfxGraphRead.cs using Guid(419e293a95ea64af5ad6984b1d02b9b1) Importer(2089858483,b0f066a214c2f5e87bad3c948f4d605d) (ScriptedImporter) -> (artifact id: '34f722b1e3ea2571882474fbb006c91d') in 0.001387917 seconds
Number of updated asset objects reloaded before import = 0Number of asset objects unloaded after import = 0

========================================================================
Received Import Request.
  Time since last request: 0.000027 seconds.
  path: Packages/com.coplaydev.unity-mcp/Editor/Services/AssetGen/Providers/OpenRouterAdapter.cs
  artifactKey: Guid(55b1b120b06948f6aeada0381b51ce86) Importer(2089858483,b0f066a214c2f5e87bad3c948f4d605d)
Start importing Packages/com.coplaydev.unity-mcp/Editor/Services/AssetGen/Providers/OpenRouterAdapter.cs using Guid(55b1b120b06948f6aeada0381b51ce86) Importer(2089858483,b0f066a214c2f5e87bad3c948f4d605d) (ScriptedImporter) -> (artifact id: 'e7ee0e807970100d388a3cb683ba3108') in 0.001190209 seconds
Number of updated asset objects reloaded before import = 0Number of asset objects unloaded after import = 0

========================================================================
Received Import Request.
  Time since last request: 0.000033 seconds.
  path: Packages/com.coplaydev.unity-mcp/Editor/Windows/Components/ClientConfig/McpClientConfigSection.cs
  artifactKey: Guid(5e29d88664440184e9c0165aadf02d46) Importer(2089858483,b0f066a214c2f5e87bad3c948f4d605d)
Start importing Packages/com.coplaydev.unity-mcp/Editor/Windows/Components/ClientConfig/McpClientConfigSection.cs using Guid(5e29d88664440184e9c0165aadf02d46) Importer(2089858483,b0f066a214c2f5e87bad3c948f4d605d) (ScriptedImporter) -> (artifact id: '0a4a14566a7e28e5318e26798242bc75') in 0.00112275 seconds
Number of updated asset objects reloaded before import = 0Number of asset objects unloaded after import = 0

========================================================================
Received Import Request.
  Time since last request: 0.000034 seconds.
  path: Packages/com.coplaydev.unity-mcp/Editor/Tools/Profiler/Operations/ObjectMemoryOps.cs
  artifactKey: Guid(d57a224350157834083a7aabc86dc4e1) Importer(2089858483,b0f066a214c2f5e87bad3c948f4d605d)
Start importing Packages/com.coplaydev.unity-mcp/Editor/Tools/Profiler/Operations/ObjectMemoryOps.cs using Guid(d57a224350157834083a7aabc86dc4e1) Importer(2089858483,b0f066a214c2f5e87bad3c948f4d605d) (ScriptedImporter) -> (artifact id: '4c22bd3a7dff5b6c6c64410ea9553165') in 0.001083667 seconds
Number of updated asset objects reloaded before import = 0Number of asset objects unloaded after import = 0

========================================================================
Received Import Request.
  Time since last request: 0.000030 seconds.
  path: Packages/com.coplaydev.unity-mcp/Editor/Windows/Components/Advanced/McpAdvancedSection.uxml
  artifactKey: Guid(d7e63a0b220a4c9458289415ad91e7df) Importer(2089858483,b0f066a214c2f5e87bad3c948f4d605d)
Start importing Packages/com.coplaydev.unity-mcp/Editor/Windows/Components/Advanced/McpAdvancedSection.uxml using Guid(d7e63a0b220a4c9458289415ad91e7df) Importer(2089858483,b0f066a214c2f5e87bad3c948f4d605d) (ScriptedImporter) -> (artifact id: 'cd0306f1a81302d5589b04fc4b33d718') in 0.0039945 seconds
Number of updated asset objects reloaded before import = 0Number of asset objects unloaded after import = 3

========================================================================
Received Import Request.
  Time since last request: 0.000029 seconds.
  path: Packages/com.coplaydev.unity-mcp/Editor/Services/AssetGen/Providers/IProviderAdapters.cs
  artifactKey: Guid(f76130e504cd4423abbe82bbb718d25b) Importer(2089858483,b0f066a214c2f5e87bad3c948f4d605d)
Start importing Packages/com.coplaydev.unity-mcp/Editor/Services/AssetGen/Providers/IProviderAdapters.cs using Guid(f76130e504cd4423abbe82bbb718d25b) Importer(2089858483,b0f066a214c2f5e87bad3c948f4d605d) (ScriptedImporter) -> (artifact id: '49aabb497c4e83bf67653551fe8abc2e') in 0.00103375 seconds
Number of updated asset objects reloaded before import = 0Number of asset objects unloaded after import = 0

========================================================================
Received Import Request.
  Time since last request: 0.000030 seconds.
  path: Packages/com.coplaydev.unity-mcp/Editor/Services/Transport/Transports/StdioTransportClient.cs
  artifactKey: Guid(b2743f3468d5f433dbf2220f0838d8d1) Importer(2089858483,b0f066a214c2f5e87bad3c948f4d605d)
Start importing Packages/com.coplaydev.unity-mcp/Editor/Services/Transport/Transports/StdioTransportClient.cs using Guid(b2743f3468d5f433dbf2220f0838d8d1) Importer(2089858483,b0f066a214c2f5e87bad3c948f4d605d) (ScriptedImporter) -> (artifact id: '89c29893cdb9ca37fa7703dc68df74dd') in 0.000991042 seconds
Number of updated asset objects reloaded before import = 0Number of asset objects unloaded after import = 0

========================================================================
Received Import Request.
  Time since last request: 0.000032 seconds.
  path: Packages/com.coplaydev.unity-mcp/Editor/Windows/Components/Resources/McpResourcesSection.cs
  artifactKey: Guid(465cdffd91f9d461caf4298ca322e3ab) Importer(2089858483,b0f066a214c2f5e87bad3c948f4d605d)
Start importing Packages/com.coplaydev.unity-mcp/Editor/Windows/Components/Resources/McpResourcesSection.cs using Guid(465cdffd91f9d461caf4298ca322e3ab) Importer(2089858483,b0f066a214c2f5e87bad3c948f4d605d) (ScriptedImporter) -> (artifact id: '95b6ad681b8dce86576400c1bfcbc9c3') in 0.001075125 seconds
Number of updated asset objects reloaded before import = 0Number of asset objects unloaded after import = 0

========================================================================
Received Import Request.
  Time since last request: 0.000028 seconds.
  path: Packages/com.coplaydev.unity-mcp/Editor/Tools/Profiler/Operations/MemorySnapshotOps.cs
  artifactKey: Guid(cb63d9b6a47327b40883452637eeb075) Importer(2089858483,b0f066a214c2f5e87bad3c948f4d605d)
Start importing Packages/com.coplaydev.unity-mcp/Editor/Tools/Profiler/Operations/MemorySnapshotOps.cs using Guid(cb63d9b6a47327b40883452637eeb075) Importer(2089858483,b0f066a214c2f5e87bad3c948f4d605d) (ScriptedImporter) -> (artifact id: 'ffd3ee062357e73c6c1c5c503b3af812') in 0.001082542 seconds
Number of updated asset objects reloaded before import = 0Number of asset objects unloaded after import = 0

========================================================================
Received Import Request.
  Time since last request: 0.000032 seconds.
  path: Packages/com.coplaydev.unity-mcp/Editor/Services/Transport/Transports/WebSocketTransportClient.cs
  artifactKey: Guid(044c8f7beb4af4a77a14d677190c21dc) Importer(2089858483,b0f066a214c2f5e87bad3c948f4d605d)
Start importing Packages/com.coplaydev.unity-mcp/Editor/Services/Transport/Transports/WebSocketTransportClient.cs using Guid(044c8f7beb4af4a77a14d677190c21dc) Importer(2089858483,b0f066a214c2f5e87bad3c948f4d605d) (ScriptedImporter) -> (artifact id: '91e422fa5e54bcf8cee55496fa2ea832') in 0.001154958 seconds
Number of updated asset objects reloaded before import = 0Number of asset objects unloaded after import = 0

========================================================================
Received Import Request.
  Time since last request: 0.000037 seconds.
  path: Packages/com.coplaydev.unity-mcp/Editor/Windows/Components/Resources/McpResourcesSection.uxml
  artifactKey: Guid(b455fadaaad0a43c4bae9f3fe784c5c3) Importer(2089858483,b0f066a214c2f5e87bad3c948f4d605d)
Start importing Packages/com.coplaydev.unity-mcp/Editor/Windows/Components/Resources/McpResourcesSection.uxml using Guid(b455fadaaad0a43c4bae9f3fe784c5c3) Importer(2089858483,b0f066a214c2f5e87bad3c948f4d605d) (ScriptedImporter) -> (artifact id: '83146b4006907f0d34fb7fb640a95388') in 0.003264125 seconds
Number of updated asset objects reloaded before import = 0Number of asset objects unloaded after import = 2

========================================================================
Received Import Request.
  Time since last request: 0.000032 seconds.
  path: Packages/com.coplaydev.unity-mcp/Editor/Services/AssetGen/Http/FakeHttpTransport.cs
  artifactKey: Guid(46a96ea76bac45cab5025a37f56ba671) Importer(2089858483,b0f066a214c2f5e87bad3c948f4d605d)
Start importing Packages/com.coplaydev.unity-mcp/Editor/Services/AssetGen/Http/FakeHttpTransport.cs using Guid(46a96ea76bac45cab5025a37f56ba671) Importer(2089858483,b0f066a214c2f5e87bad3c948f4d605d) (ScriptedImporter) -> (artifact id: 'c879698185b7a0e1f5f99e64c2717048') in 0.001339958 seconds
Number of updated asset objects reloaded before import = 0Number of asset objects unloaded after import = 0

========================================================================
Received Import Request.
  Time since last request: 0.000032 seconds.
  path: Packages/com.coplaydev.unity-mcp/Editor/Tools/Vfx/VfxGraphCommon.cs
  artifactKey: Guid(0a6dbf78125194cf29b98d658af1039a) Importer(2089858483,b0f066a214c2f5e87bad3c948f4d605d)
Start importing Packages/com.coplaydev.unity-mcp/Editor/Tools/Vfx/VfxGraphCommon.cs using Guid(0a6dbf78125194cf29b98d658af1039a) Importer(2089858483,b0f066a214c2f5e87bad3c948f4d605d) (ScriptedImporter) -> (artifact id: 'cf5cd6b83eaedab9db652b3108e41aaf') in 0.001258208 seconds
Number of updated asset objects reloaded before import = 0Number of asset objects unloaded after import = 0

========================================================================
Received Import Request.
  Time since last request: 0.000031 seconds.
  path: Packages/com.coplaydev.unity-mcp/Editor/Windows/Components/Connection/McpConnectionSection.cs
  artifactKey: Guid(a3fae4a627f640749a80d5d1dc84ebe4) Importer(2089858483,b0f066a214c2f5e87bad3c948f4d605d)
Start importing Packages/com.coplaydev.unity-mcp/Editor/Windows/Components/Connection/McpConnectionSection.cs using Guid(a3fae4a627f640749a80d5d1dc84ebe4) Importer(2089858483,b0f066a214c2f5e87bad3c948f4d605d) (ScriptedImporter) -> (artifact id: '86208584c2b64e4291cdf1962025d07c') in 0.001093125 seconds
Number of updated asset objects reloaded before import = 0Number of asset objects unloaded after import = 0

========================================================================
Received Import Request.
  Time since last request: 0.000043 seconds.
  path: Packages/com.coplaydev.unity-mcp/Editor/Windows/EditorPrefs/EditorPrefsWindow.cs
  artifactKey: Guid(ceb71bbae267c4765aff72e4cc845ecb) Importer(2089858483,b0f066a214c2f5e87bad3c948f4d605d)
Start importing Packages/com.coplaydev.unity-mcp/Editor/Windows/EditorPrefs/EditorPrefsWindow.cs using Guid(ceb71bbae267c4765aff72e4cc845ecb) Importer(2089858483,b0f066a214c2f5e87bad3c948f4d605d) (ScriptedImporter) -> (artifact id: '99177edc2656945d062185e513e96a9a') in 0.001234334 seconds
Number of updated asset objects reloaded before import = 0Number of asset objects unloaded after import = 0

========================================================================
Received Import Request.
  Time since last request: 0.000040 seconds.
  path: Packages/com.coplaydev.unity-mcp/Editor/Tools/Profiler/Operations/FrameDebuggerOps.cs
  artifactKey: Guid(6c99fe029dffcb945a39beda3acf304e) Importer(2089858483,b0f066a214c2f5e87bad3c948f4d605d)
Start importing Packages/com.coplaydev.unity-mcp/Editor/Tools/Profiler/Operations/FrameDebuggerOps.cs using Guid(6c99fe029dffcb945a39beda3acf304e) Importer(2089858483,b0f066a214c2f5e87bad3c948f4d605d) (ScriptedImporter) -> (artifact id: 'df55bb8c28f6958308508bc8e7945416') in 0.001144083 seconds
Number of updated asset objects reloaded before import = 0Number of asset objects unloaded after import = 0

========================================================================
Received Import Request.
  Time since last request: 0.000036 seconds.
  path: Packages/com.coplaydev.unity-mcp/Editor/Services/AssetGen/Providers/TripoAdapter.cs
  artifactKey: Guid(a0761a0b205e4041950b0ab29a3d6466) Importer(2089858483,b0f066a214c2f5e87bad3c948f4d605d)
Start importing Packages/com.coplaydev.unity-mcp/Editor/Services/AssetGen/Providers/TripoAdapter.cs using Guid(a0761a0b205e4041950b0ab29a3d6466) Importer(2089858483,b0f066a214c2f5e87bad3c948f4d605d) (ScriptedImporter) -> (artifact id: '0100cef8962539a745a9c31922b2c9a8') in 0.001032167 seconds
Number of updated asset objects reloaded before import = 0Number of asset objects unloaded after import = 0

========================================================================
Received Import Request.
  Time since last request: 0.000036 seconds.
  path: Packages/com.coplaydev.unity-mcp/Editor/Windows/Components/Common.uss
  artifactKey: Guid(2cccfdd3f4371f140902a54e247cf979) Importer(2089858483,b0f066a214c2f5e87bad3c948f4d605d)
Start importing Packages/com.coplaydev.unity-mcp/Editor/Windows/Components/Common.uss using Guid(2cccfdd3f4371f140902a54e247cf979) Importer(2089858483,b0f066a214c2f5e87bad3c948f4d605d) (ScriptedImporter) -> (artifact id: '9dbf3b663193ce056aac50645acab1f7') in 0.001914333 seconds
Number of updated asset objects reloaded before import = 0Number of asset objects unloaded after import = 1

========================================================================
Received Import Request.
  Time since last request: 0.000033 seconds.
  path: Packages/com.coplaydev.unity-mcp/Editor/Services/AssetGen/Providers/ProviderModels.cs
  artifactKey: Guid(65be6fd6b6384effb45822a57e541f04) Importer(2089858483,b0f066a214c2f5e87bad3c948f4d605d)
Start importing Packages/com.coplaydev.unity-mcp/Editor/Services/AssetGen/Providers/ProviderModels.cs using Guid(65be6fd6b6384effb45822a57e541f04) Importer(2089858483,b0f066a214c2f5e87bad3c948f4d605d) (ScriptedImporter) -> (artifact id: '92aa25aae5ffe657f02629d84eef1a1d') in 0.001329083 seconds
Number of updated asset objects reloaded before import = 0Number of asset objects unloaded after import = 0

========================================================================
Received Import Request.
  Time since last request: 0.000037 seconds.
  path: Packages/com.coplaydev.unity-mcp/Editor/Services/AssetGen/Providers/MeshyAdapter.cs
  artifactKey: Guid(bb6ba98874ed46cca5f019c89b2edb0a) Importer(2089858483,b0f066a214c2f5e87bad3c948f4d605d)
Start importing Packages/com.coplaydev.unity-mcp/Editor/Services/AssetGen/Providers/MeshyAdapter.cs using Guid(bb6ba98874ed46cca5f019c89b2edb0a) Importer(2089858483,b0f066a214c2f5e87bad3c948f4d605d) (ScriptedImporter) -> (artifact id: '29131cf23818e8bcffd0546f13c117a1') in 0.001170792 seconds
Number of updated asset objects reloaded before import = 0Number of asset objects unloaded after import = 0

========================================================================
Received Import Request.
  Time since last request: 0.000033 seconds.
  path: Packages/com.unity.render-pipelines.core/Editor/Lighting/Icons/LightUnitIcons/ExteriorLight.png
  artifactKey: Guid(baa2eadff75899140ac64277e3f60453) Importer(2089858483,b0f066a214c2f5e87bad3c948f4d605d)
Start importing Packages/com.unity.render-pipelines.core/Editor/Lighting/Icons/LightUnitIcons/ExteriorLight.png using Guid(baa2eadff75899140ac64277e3f60453) Importer(2089858483,b0f066a214c2f5e87bad3c948f4d605d) (ScriptedImporter) -> (artifact id: 'dc9491d37d934a053545fa09f4a1532c') in 0.014983291 seconds
Number of updated asset objects reloaded before import = 0Number of asset objects unloaded after import = 1

========================================================================
Received Prepare
Begin MonoManager ReloadAssembly
Thread 0x171d17000 may have been prematurely finalized
Symbol file LoadedFromMemory is not a mono symbol file
- Loaded All Assemblies, in  0.402 seconds
Refreshing native plugins compatible for Editor in 0.42 ms, found 3 plugins.
Native extension for iOS target not found
Native extension for OSXStandalone target not found
[Package Manager] Failed to launch server process. Reason: Unity was launched with the -noUpm command-line argument
[Package Manager] Unable to send message (not connected to server process).
[Package Manager] Cannot connect to Unity Package Manager local server
Refreshing native plugins compatible for Editor in 0.58 ms, found 3 plugins.
[Package Manager] Failed to launch server process. Reason: Unity was launched with the -noUpm command-line argument
[Package Manager] Unable to send message (not connected to server process).
[Package Manager] Cannot connect to Unity Package Manager local server
ScheduleIndexationOnStartup MainProcess:False IndexOnStartup:True
Mono: successfully reloaded assembly
- Finished resetting the current domain, in  0.385 seconds
Domain Reload Profiling: 789ms
	BeginReloadAssembly (86ms)
		ExecutionOrderSort (0ms)
		DisableScriptedObjects (5ms)
		BackupInstance (0ms)
		ReleaseScriptingObjects (0ms)
		CreateAndSetChildDomain (24ms)
	RebuildCommonClasses (18ms)
	RebuildNativeTypeToScriptingClass (7ms)
	initialDomainReloadingComplete (11ms)
	LoadAllAssembliesAndSetupDomain (282ms)
		LoadAssemblies (200ms)
		RebuildTransferFunctionScriptingTraits (0ms)
		AnalyzeDomain (106ms)
			TypeCache.Refresh (8ms)
				TypeCache.ScanAssembly (0ms)
			BuildScriptInfoCaches (91ms)
			ResolveRequiredComponents (5ms)
	FinalizeReload (385ms)
		ReleaseScriptCaches (0ms)
		RebuildScriptCaches (0ms)
		SetupLoadedEditorAssemblies (312ms)
			LogAssemblyErrors (0ms)
			InitializePlatformSupportModulesInManaged (7ms)
			SetLoadedEditorAssemblies (2ms)
			BeforeProcessingInitializeOnLoad (80ms)
			ProcessInitializeOnLoadAttributes (182ms)
			ProcessInitializeOnLoadMethodAttributes (41ms)
			AfterProcessingInitializeOnLoad (1ms)
			EditorAssembliesLoaded (0ms)
		ExecutionOrderSort2 (0ms)
		AwakeInstancesAfterBackupRestoration (5ms)
WARNING: Shader Unsupported: 'Universal Render Pipeline/VR/SpatialMapping/Wireframe' - All subshaders removed
WARNING: Shader Did you use #pragma only_renderers and omit this platform?
WARNING: Shader If subshaders removal was intentional, you may have forgotten turning Fallback off?
WARNING: Shader Unsupported: 'Universal Render Pipeline/VR/SpatialMapping/Wireframe' - All subshaders removed
WARNING: Shader Did you use #pragma only_renderers and omit this platform?
WARNING: Shader If subshaders removal was intentional, you may have forgotten turning Fallback off?
Refreshing native plugins compatible for Editor in 0.76 ms, found 3 plugins.
Preloading 0 native plugins for Editor in 0.00 ms.
Unloading 31 Unused Serialized files (Serialized files now loaded: 0)
Unloading 7525 unused Assets / (3.7 MB). Loaded Objects now: 8327.
Memory consumption went from 184.7 MB to 181.0 MB.
Total: 6.002916 ms (FindLiveObjects: 0.347333 ms CreateObjectMapping: 0.153250 ms MarkObjects: 4.090042 ms  DeleteObjects: 1.411916 ms)

Prepare: number of updated asset objects reloaded= 0
========================================================================
Received Prepare
Begin MonoManager ReloadAssembly
[Licensing::Client] Successfully resolved entitlement details
Thread 0x16dac3000 may have been prematurely finalized
Symbol file LoadedFromMemory is not a mono symbol file
- Loaded All Assemblies, in  0.515 seconds
Refreshing native plugins compatible for Editor in 0.50 ms, found 3 plugins.
Native extension for iOS target not found
Native extension for OSXStandalone target not found
[Package Manager] Failed to launch server process. Reason: Unity was launched with the -noUpm command-line argument
[Package Manager] Unable to send message (not connected to server process).
[Package Manager] Cannot connect to Unity Package Manager local server
Refreshing native plugins compatible for Editor in 0.60 ms, found 3 plugins.
[Package Manager] Failed to launch server process. Reason: Unity was launched with the -noUpm command-line argument
[Package Manager] Unable to send message (not connected to server process).
[Package Manager] Cannot connect to Unity Package Manager local server
ScheduleIndexationOnStartup MainProcess:False IndexOnStartup:True
Mono: successfully reloaded assembly
- Finished resetting the current domain, in  0.486 seconds
Domain Reload Profiling: 1004ms
	BeginReloadAssembly (141ms)
		ExecutionOrderSort (0ms)
		DisableScriptedObjects (9ms)
		BackupInstance (0ms)
		ReleaseScriptingObjects (0ms)
		CreateAndSetChildDomain (43ms)
	RebuildCommonClasses (18ms)
	RebuildNativeTypeToScriptingClass (8ms)
	initialDomainReloadingComplete (16ms)
	LoadAllAssembliesAndSetupDomain (334ms)
		LoadAssemblies (255ms)
		RebuildTransferFunctionScriptingTraits (0ms)
		AnalyzeDomain (123ms)
			TypeCache.Refresh (10ms)
				TypeCache.ScanAssembly (0ms)
			BuildScriptInfoCaches (104ms)
			ResolveRequiredComponents (5ms)
	FinalizeReload (486ms)
		ReleaseScriptCaches (0ms)
		RebuildScriptCaches (0ms)
		SetupLoadedEditorAssemblies (409ms)
			LogAssemblyErrors (0ms)
			InitializePlatformSupportModulesInManaged (11ms)
			SetLoadedEditorAssemblies (2ms)
			BeforeProcessingInitializeOnLoad (91ms)
			ProcessInitializeOnLoadAttributes (263ms)
			ProcessInitializeOnLoadMethodAttributes (40ms)
			AfterProcessingInitializeOnLoad (1ms)
			EditorAssembliesLoaded (0ms)
		ExecutionOrderSort2 (0ms)
		AwakeInstancesAfterBackupRestoration (5ms)
WARNING: Shader Unsupported: 'Universal Render Pipeline/VR/SpatialMapping/Wireframe' - All subshaders removed
WARNING: Shader Did you use #pragma only_renderers and omit this platform?
WARNING: Shader If subshaders removal was intentional, you may have forgotten turning Fallback off?
WARNING: Shader Unsupported: 'Universal Render Pipeline/VR/SpatialMapping/Wireframe' - All subshaders removed
WARNING: Shader Did you use #pragma only_renderers and omit this platform?
WARNING: Shader If subshaders removal was intentional, you may have forgotten turning Fallback off?
Refreshing native plugins compatible for Editor in 0.52 ms, found 3 plugins.
Preloading 0 native plugins for Editor in 0.00 ms.
Unloading 31 Unused Serialized files (Serialized files now loaded: 0)
Unloading 7525 unused Assets / (3.5 MB). Loaded Objects now: 8331.
Memory consumption went from 189.8 MB to 186.2 MB.
Total: 5.582292 ms (FindLiveObjects: 0.260125 ms CreateObjectMapping: 0.140500 ms MarkObjects: 3.988292 ms  DeleteObjects: 1.192750 ms)

Prepare: number of updated asset objects reloaded= 0
========================================================================
Received Import Request.
  Time since last request: 497.341628 seconds.
  path: Assets/ScriptableObjects/Configurations/DefaultRunnerConfiguration.asset
  artifactKey: Guid(07c892a27dfab4bcebe87082406c54fd) Importer(815301076,1909f56bfc062723c751e8b465ee728b)
Start importing Assets/ScriptableObjects/Configurations/DefaultRunnerConfiguration.asset using Guid(07c892a27dfab4bcebe87082406c54fd) Importer(815301076,1909f56bfc062723c751e8b465ee728b) (PreviewImporter) -> (artifact id: 'f6be59b5eb55a07d871dfbe37789fb4d') in 0.027531583 seconds
Number of updated asset objects reloaded before import = 0Number of asset objects unloaded after import = 1

========================================================================
Received Prepare
Begin MonoManager ReloadAssembly
[Licensing::Client] Successfully resolved entitlement details
Thread 0x16dd0b000 may have been prematurely finalized
Symbol file LoadedFromMemory is not a mono symbol file
- Loaded All Assemblies, in  0.478 seconds
Refreshing native plugins compatible for Editor in 0.46 ms, found 3 plugins.
Native extension for iOS target not found
Native extension for OSXStandalone target not found
[Package Manager] Failed to launch server process. Reason: Unity was launched with the -noUpm command-line argument
[Package Manager] Unable to send message (not connected to server process).
[Package Manager] Cannot connect to Unity Package Manager local server
Refreshing native plugins compatible for Editor in 0.48 ms, found 3 plugins.
[Package Manager] Failed to launch server process. Reason: Unity was launched with the -noUpm command-line argument
[Package Manager] Unable to send message (not connected to server process).
[Package Manager] Cannot connect to Unity Package Manager local server
ScheduleIndexationOnStartup MainProcess:False IndexOnStartup:True
Mono: successfully reloaded assembly
- Finished resetting the current domain, in  0.382 seconds
Domain Reload Profiling: 863ms
	BeginReloadAssembly (138ms)
		ExecutionOrderSort (0ms)
		DisableScriptedObjects (13ms)
		BackupInstance (0ms)
		ReleaseScriptingObjects (0ms)
		CreateAndSetChildDomain (40ms)
	RebuildCommonClasses (18ms)
	RebuildNativeTypeToScriptingClass (7ms)
	initialDomainReloadingComplete (11ms)
	LoadAllAssembliesAndSetupDomain (306ms)
		LoadAssemblies (225ms)
		RebuildTransferFunctionScriptingTraits (0ms)
		AnalyzeDomain (125ms)
			TypeCache.Refresh (8ms)
				TypeCache.ScanAssembly (0ms)
			BuildScriptInfoCaches (107ms)
			ResolveRequiredComponents (5ms)
	FinalizeReload (382ms)
		ReleaseScriptCaches (0ms)
		RebuildScriptCaches (0ms)
		SetupLoadedEditorAssemblies (310ms)
			LogAssemblyErrors (0ms)
			InitializePlatformSupportModulesInManaged (9ms)
			SetLoadedEditorAssemblies (2ms)
			BeforeProcessingInitializeOnLoad (76ms)
			ProcessInitializeOnLoadAttributes (183ms)
			ProcessInitializeOnLoadMethodAttributes (39ms)
			AfterProcessingInitializeOnLoad (0ms)
			EditorAssembliesLoaded (0ms)
		ExecutionOrderSort2 (0ms)
		AwakeInstancesAfterBackupRestoration (5ms)
WARNING: Shader Unsupported: 'Universal Render Pipeline/VR/SpatialMapping/Wireframe' - All subshaders removed
WARNING: Shader Did you use #pragma only_renderers and omit this platform?
WARNING: Shader If subshaders removal was intentional, you may have forgotten turning Fallback off?
WARNING: Shader Unsupported: 'Universal Render Pipeline/VR/SpatialMapping/Wireframe' - All subshaders removed
WARNING: Shader Did you use #pragma only_renderers and omit this platform?
WARNING: Shader If subshaders removal was intentional, you may have forgotten turning Fallback off?
Refreshing native plugins compatible for Editor in 0.76 ms, found 3 plugins.
Preloading 0 native plugins for Editor in 0.00 ms.
Unloading 31 Unused Serialized files (Serialized files now loaded: 0)
Unloading 7525 unused Assets / (3.8 MB). Loaded Objects now: 8336.
Memory consumption went from 195.0 MB to 191.2 MB.
Total: 5.495916 ms (FindLiveObjects: 0.278791 ms CreateObjectMapping: 0.135542 ms MarkObjects: 3.796625 ms  DeleteObjects: 1.284666 ms)

Prepare: number of updated asset objects reloaded= 0
========================================================================
Received Prepare
Begin MonoManager ReloadAssembly
Thread 0x16dd4b000 may have been prematurely finalized
Symbol file LoadedFromMemory is not a mono symbol file
- Loaded All Assemblies, in  0.366 seconds
Refreshing native plugins compatible for Editor in 0.46 ms, found 3 plugins.
Native extension for iOS target not found
Native extension for OSXStandalone target not found
[Package Manager] Failed to launch server process. Reason: Unity was launched with the -noUpm command-line argument
[Package Manager] Unable to send message (not connected to server process).
[Package Manager] Cannot connect to Unity Package Manager local server
Refreshing native plugins compatible for Editor in 0.72 ms, found 3 plugins.
[Package Manager] Failed to launch server process. Reason: Unity was launched with the -noUpm command-line argument
[Package Manager] Unable to send message (not connected to server process).
[Package Manager] Cannot connect to Unity Package Manager local server
ScheduleIndexationOnStartup MainProcess:False IndexOnStartup:True
Mono: successfully reloaded assembly
- Finished resetting the current domain, in  0.402 seconds
Domain Reload Profiling: 771ms
	BeginReloadAssembly (85ms)
		ExecutionOrderSort (0ms)
		DisableScriptedObjects (6ms)
		BackupInstance (0ms)
		ReleaseScriptingObjects (0ms)
		CreateAndSetChildDomain (22ms)
	RebuildCommonClasses (18ms)
	RebuildNativeTypeToScriptingClass (8ms)
	initialDomainReloadingComplete (10ms)
	LoadAllAssembliesAndSetupDomain (247ms)
		LoadAssemblies (161ms)
		RebuildTransferFunctionScriptingTraits (0ms)
		AnalyzeDomain (111ms)
			TypeCache.Refresh (7ms)
				TypeCache.ScanAssembly (0ms)
			BuildScriptInfoCaches (96ms)
			ResolveRequiredComponents (5ms)
	FinalizeReload (402ms)
		ReleaseScriptCaches (0ms)
		RebuildScriptCaches (0ms)
		SetupLoadedEditorAssemblies (329ms)
			LogAssemblyErrors (0ms)
			InitializePlatformSupportModulesInManaged (7ms)
			SetLoadedEditorAssemblies (2ms)
			BeforeProcessingInitializeOnLoad (76ms)
			ProcessInitializeOnLoadAttributes (203ms)
			ProcessInitializeOnLoadMethodAttributes (41ms)
			AfterProcessingInitializeOnLoad (1ms)
			EditorAssembliesLoaded (0ms)
		ExecutionOrderSort2 (0ms)
		AwakeInstancesAfterBackupRestoration (5ms)
WARNING: Shader Unsupported: 'Universal Render Pipeline/VR/SpatialMapping/Wireframe' - All subshaders removed
WARNING: Shader Did you use #pragma only_renderers and omit this platform?
WARNING: Shader If subshaders removal was intentional, you may have forgotten turning Fallback off?
WARNING: Shader Unsupported: 'Universal Render Pipeline/VR/SpatialMapping/Wireframe' - All subshaders removed
WARNING: Shader Did you use #pragma only_renderers and omit this platform?
WARNING: Shader If subshaders removal was intentional, you may have forgotten turning Fallback off?
Refreshing native plugins compatible for Editor in 0.60 ms, found 3 plugins.
Preloading 0 native plugins for Editor in 0.00 ms.
Unloading 31 Unused Serialized files (Serialized files now loaded: 0)
Unloading 7525 unused Assets / (3.9 MB). Loaded Objects now: 8340.
Memory consumption went from 200.0 MB to 196.1 MB.
Total: 6.128125 ms (FindLiveObjects: 0.279208 ms CreateObjectMapping: 0.142375 ms MarkObjects: 4.087042 ms  DeleteObjects: 1.618917 ms)

Prepare: number of updated asset objects reloaded= 0
========================================================================
Received Prepare
Begin MonoManager ReloadAssembly
Thread 0x16dd8b000 may have been prematurely finalized
Symbol file LoadedFromMemory is not a mono symbol file
- Loaded All Assemblies, in  0.366 seconds
Refreshing native plugins compatible for Editor in 0.51 ms, found 3 plugins.
Native extension for iOS target not found
Native extension for OSXStandalone target not found
[Package Manager] Failed to launch server process. Reason: Unity was launched with the -noUpm command-line argument
[Package Manager] Unable to send message (not connected to server process).
[Package Manager] Cannot connect to Unity Package Manager local server
Refreshing native plugins compatible for Editor in 0.74 ms, found 3 plugins.
[Package Manager] Failed to launch server process. Reason: Unity was launched with the -noUpm command-line argument
[Package Manager] Unable to send message (not connected to server process).
[Package Manager] Cannot connect to Unity Package Manager local server
ScheduleIndexationOnStartup MainProcess:False IndexOnStartup:True
Mono: successfully reloaded assembly
- Finished resetting the current domain, in  0.419 seconds
Domain Reload Profiling: 788ms
	BeginReloadAssembly (83ms)
		ExecutionOrderSort (0ms)
		DisableScriptedObjects (6ms)
		BackupInstance (0ms)
		ReleaseScriptingObjects (0ms)
		CreateAndSetChildDomain (23ms)
	RebuildCommonClasses (18ms)
	RebuildNativeTypeToScriptingClass (8ms)
	initialDomainReloadingComplete (11ms)
	LoadAllAssembliesAndSetupDomain (248ms)
		LoadAssemblies (156ms)
		RebuildTransferFunctionScriptingTraits (0ms)
		AnalyzeDomain (113ms)
			TypeCache.Refresh (6ms)
				TypeCache.ScanAssembly (0ms)
			BuildScriptInfoCaches (100ms)
			ResolveRequiredComponents (5ms)
	FinalizeReload (420ms)
		ReleaseScriptCaches (0ms)
		RebuildScriptCaches (0ms)
		SetupLoadedEditorAssemblies (342ms)
			LogAssemblyErrors (0ms)
			InitializePlatformSupportModulesInManaged (7ms)
			SetLoadedEditorAssemblies (2ms)
			BeforeProcessingInitializeOnLoad (79ms)
			ProcessInitializeOnLoadAttributes (208ms)
			ProcessInitializeOnLoadMethodAttributes (46ms)
			AfterProcessingInitializeOnLoad (1ms)
			EditorAssembliesLoaded (0ms)
		ExecutionOrderSort2 (0ms)
		AwakeInstancesAfterBackupRestoration (6ms)
WARNING: Shader Unsupported: 'Universal Render Pipeline/VR/SpatialMapping/Wireframe' - All subshaders removed
WARNING: Shader Did you use #pragma only_renderers and omit this platform?
WARNING: Shader If subshaders removal was intentional, you may have forgotten turning Fallback off?
WARNING: Shader Unsupported: 'Universal Render Pipeline/VR/SpatialMapping/Wireframe' - All subshaders removed
WARNING: Shader Did you use #pragma only_renderers and omit this platform?
WARNING: Shader If subshaders removal was intentional, you may have forgotten turning Fallback off?
Refreshing native plugins compatible for Editor in 0.68 ms, found 3 plugins.
Preloading 0 native plugins for Editor in 0.00 ms.
Unloading 31 Unused Serialized files (Serialized files now loaded: 0)
Unloading 7525 unused Assets / (3.9 MB). Loaded Objects now: 8344.
Memory consumption went from 205.0 MB to 201.1 MB.
Total: 6.606500 ms (FindLiveObjects: 0.292000 ms CreateObjectMapping: 0.271000 ms MarkObjects: 4.498000 ms  DeleteObjects: 1.545250 ms)

Prepare: number of updated asset objects reloaded= 0
